Date,USD_INR,GBP_INR,EUR_INR,JPY_INR,CHF_INR
2016-07-06,67.4260025024414,87.33100128173828,74.51499938964844,0.665880024433136,68.94100189208984
2016-07-07,67.4010009765625,87.13899993896484,74.7300033569336,0.6659200191497803,69.05400085449219
2016-07-08,67.49700164794922,86.95899963378906,74.61399841308594,0.6690000295639038,68.88600158691406
2016-07-11,67.13200378417969,86.91899871826172,73.52449798583984,0.6670699715614319,68.19200134277344
2016-07-12,67.1449966430664,87.25700378417969,74.1729965209961,0.6542500257492065,68.25399780273438
2016-07-13,66.87000274658203,88.61000061035156,73.99800109863281,0.6385200023651123,67.63200378417969
2016-07-14,67.00599670410156,88.01399993896484,74.27200317382812,0.6430799961090088,67.99600219726562
2016-07-15,66.83799743652344,89.21399688720703,74.1449966430664,0.6346499919891357,68.0260009765625
2016-07-18,67.13300323486328,88.56500244140625,74.0,0.6395000219345093,68.23699951171875
2016-07-19,67.13899993896484,89.06400299072266,74.26100158691406,0.6319199800491333,68.26100158691406
2016-07-20,67.20600128173828,88.10299682617188,73.93499755859375,0.6324599981307983,68.0790023803711
2016-07-21,67.16400146484375,88.8499984741211,73.9260025024414,0.6258000135421753,68.01399993896484
2016-07-22,67.15399932861328,88.75900268554688,74.01200103759766,0.6340299844741821,68.10800170898438
2016-07-25,67.14600372314453,88.0510025024414,73.625,0.6319500207901001,67.95999908447266
2016-07-26,67.40499877929688,88.33100128173828,73.99299621582031,0.6376500129699707,68.27999877929688
2016-07-27,67.28399658203125,88.33200073242188,73.85700225830078,0.6410599946975708,67.75
2016-07-28,67.06300354003906,88.6050033569336,74.16000366210938,0.6383900046348572,68.03399658203125
2016-07-29,67.00700378417969,88.18800354003906,74.19300079345703,0.6389999985694885,68.3219985961914
2016-08-01,66.64800262451172,88.14199829101562,73.4260025024414,0.6522300243377686,68.6729965209961
2016-08-02,66.7509994506836,88.03500366210938,74.4729995727539,0.6515300273895264,68.87100219726562
2016-08-03,66.6760025024414,88.9530029296875,74.73200225830078,0.6590800285339355,69.03600311279297
2016-08-04,66.76000213623047,88.9229965209961,74.375,0.6582000255584717,68.55899810791016
2016-08-05,66.84100341796875,87.66699981689453,74.34300231933594,0.6598100066184998,68.56199645996094
2016-08-08,66.83499908447266,87.36000061035156,73.41580200195312,0.6557499766349792,68.08399963378906
2016-08-09,66.79399871826172,87.10099792480469,73.96600341796875,0.6523799896240234,67.89299774169922
2016-08-10,66.78299713134766,86.85900115966797,74.17400360107422,0.6545799970626831,67.97699737548828
2016-08-11,66.75800323486328,86.91200256347656,74.59700012207031,0.6594099998474121,68.47599792480469
2016-08-12,66.73999786376953,86.44400024414062,74.25599670410156,0.6547999978065491,68.36799621582031
2016-08-15,66.89959716796875,86.31099700927734,74.61599731445312,0.6596800088882446,68.56800079345703
2016-08-16,66.86489868164062,86.17500305175781,74.70600128173828,0.6598399877548218,68.64299774169922
2016-08-17,66.85769653320312,87.2249984741211,75.322998046875,0.6666300296783447,69.4469985961914
2016-08-18,66.90550231933594,87.2760009765625,75.53500366210938,0.6691399812698364,69.53099822998047
2016-08-19,66.81999969482422,87.95600128173828,75.75599670410156,0.6667900085449219,69.92900085449219
2016-08-22,67.12750244140625,87.73600006103516,75.95999908447266,0.669160008430481,69.88400268554688
2016-08-23,67.1874008178711,88.28399658203125,75.97699737548828,0.6692000031471252,69.74700164794922
2016-08-24,67.12999725341797,88.56199645996094,75.79199981689453,0.6685400009155273,69.60600280761719
2016-08-25,67.16000366210938,88.88300323486328,75.55400085449219,0.6673200130462646,69.35700225830078
2016-08-26,67.00559997558594,88.38600158691406,75.56700134277344,0.6657900214195251,69.23400115966797
2016-08-29,67.12899780273438,88.1969985961914,74.70110321044922,0.6551899909973145,68.21099853515625
2016-08-30,67.08999633789062,87.92900085449219,75.01599884033203,0.6582900285720825,68.55000305175781
2016-08-31,67.12660217285156,87.81600189208984,74.7770004272461,0.6518599987030029,68.21199798583984
2016-09-01,66.97470092773438,88.03199768066406,74.65499877929688,0.6476699709892273,68.0270004272461
2016-09-02,66.79299926757812,88.66699981689453,74.72599792480469,0.6462100148200989,68.09200286865234
2016-09-05,66.57279968261719,88.50199890136719,74.43699645996094,0.6418399810791016,68.06900024414062
2016-09-06,66.45999908447266,88.4010009765625,74.03700256347656,0.6413499712944031,67.73400115966797
2016-09-07,66.25520324707031,88.94499969482422,74.49199676513672,0.6523399949073792,68.2490005493164
2016-09-08,66.47160339355469,88.66400146484375,74.64199829101562,0.6521499752998352,68.48200225830078
2016-09-09,66.44999694824219,88.4000015258789,74.80799865722656,0.6488699913024902,68.3010025024414
2016-09-12,66.77799987792969,88.5770034790039,74.81900024414062,0.6503099799156189,68.28099822998047
2016-09-13,66.7229995727539,89.0,74.93800354003906,0.6551700234413147,68.61399841308594
2016-09-14,66.99500274658203,88.38400268554688,75.13700103759766,0.6535000205039978,68.56300354003906
2016-09-15,66.75810241699219,88.53900146484375,75.01100158691406,0.6503599882125854,68.51100158691406
2016-09-16,66.85030364990234,88.54299926757812,75.09400177001953,0.6546599864959717,68.74199676513672
2016-09-19,67.06529998779297,87.24500274658203,74.76599884033203,0.6551200151443481,68.33899688720703
2016-09-20,66.9552001953125,87.3290023803711,74.77400207519531,0.6567000150680542,68.24400329589844
2016-09-21,66.9749984741211,86.9489974975586,74.62799835205078,0.6589300036430359,68.33300018310547
2016-09-22,66.76119995117188,87.01899719238281,74.64700317382812,0.664330005645752,68.53700256347656
2016-09-23,66.62259674072266,87.16799926757812,74.60900115966797,0.6601399779319763,68.68000030517578
2016-09-26,66.69650268554688,86.4990005493164,74.80500030517578,0.6597399711608887,68.66899871826172
2016-09-27,66.60649871826172,86.37899780273438,74.85700225830078,0.6629999876022339,68.65899658203125
2016-09-28,66.44129943847656,86.46700286865234,74.43199920654297,0.660539984703064,68.36299896240234
2016-09-29,66.33280181884766,86.49500274658203,74.37300109863281,0.6564300060272217,68.26699829101562
2016-09-30,66.81629943847656,86.62799835205078,74.89600372314453,0.6596400141716003,69.09700012207031
2016-10-03,66.54650115966797,86.12899780273438,73.33100128173828,0.6560900211334229,68.44499969482422
2016-10-04,66.38030242919922,85.28900146484375,74.51100158691406,0.6529399752616882,68.25
2016-10-05,66.5780029296875,84.73699951171875,74.55500030517578,0.6464499831199646,67.9739990234375
2016-10-06,66.56320190429688,84.9020004272461,74.52899932861328,0.642769992351532,68.27100372314453
2016-10-07,66.68710327148438,82.677001953125,74.22599792480469,0.6420199871063232,67.93599700927734
2016-10-10,66.59120178222656,82.80599975585938,73.32610321044922,0.6462000012397766,68.05899810791016
2016-10-11,66.48509979248047,82.03800201416016,73.98600006103516,0.6405199766159058,67.6240005493164
2016-10-12,66.79850006103516,82.04199981689453,73.80699920654297,0.6458899974822998,67.54900360107422
2016-10-13,66.81809997558594,81.41600036621094,73.49800109863281,0.6399099826812744,67.40799713134766
2016-10-14,66.78399658203125,81.64299774169922,73.71099853515625,0.643310010433197,67.62200164794922
2016-10-17,66.7052993774414,81.19000244140625,72.46189880371094,0.6396600008010864,67.28600311279297
2016-10-18,66.78359985351562,81.5479965209961,73.47699737548828,0.6424400210380554,67.52200317382812
2016-10-19,66.73799896240234,82.10900115966797,73.1729965209961,0.6419900059700012,67.33399963378906
2016-10-20,66.63639831542969,81.90299987792969,73.06199645996094,0.6439700126647949,67.30400085449219
2016-10-21,66.84130096435547,81.93299865722656,72.98500061035156,0.6414499878883362,67.2770004272461
2016-10-24,66.91120147705078,81.79900360107422,71.82530212402344,0.6438500285148621,67.27200317382812
2016-10-25,66.83399963378906,81.69400024414062,72.59700012207031,0.6401299834251404,67.1709976196289
2016-10-26,66.78130340576172,81.302001953125,72.6259994506836,0.640529990196228,67.06400299072266
2016-10-27,66.86399841308594,81.82099914550781,72.8759994506836,0.6388300061225891,67.23600006103516
2016-10-28,66.90299987792969,81.41999816894531,72.83200073242188,0.6352300047874451,67.24700164794922
2016-10-31,66.78140258789062,81.41999816894531,71.88780212402344,0.6368299722671509,67.5270004272461
2016-11-01,66.66549682617188,81.56800079345703,73.06999969482422,0.6352800130844116,67.33300018310547
2016-11-02,66.67849731445312,81.60399627685547,73.64099884033203,0.6399000287055969,68.302001953125
2016-11-03,66.77749633789062,82.16699981689453,74.01100158691406,0.6452400088310242,68.54900360107422
2016-11-04,66.68450164794922,83.12699890136719,73.95099639892578,0.6465100049972534,68.37100219726562
2016-11-07,66.7853012084961,83.15899658203125,73.09639739990234,0.647629976272583,68.9540023803711
2016-11-08,66.73500061035156,82.68499755859375,73.66999816894531,0.6382499933242798,68.44200134277344
2016-11-09,66.22949981689453,82.02799987792969,72.89600372314453,0.6299600005149841,67.5469970703125
2016-11-10,66.50749969482422,82.5770034790039,72.5510025024414,0.6276500225067139,67.4749984741211
2016-11-11,67.2145004272461,84.3239974975586,72.7300033569336,0.625029981136322,67.6510009765625
2016-11-14,67.54679870605469,84.94300079345703,73.26899719238281,0.632420003414154,68.35800170898438
2016-11-15,67.77549743652344,84.7300033569336,72.77300262451172,0.625760018825531,67.8949966430664
2016-11-16,67.74800109863281,84.3479995727539,72.58799743652344,0.6207399964332581,67.59600067138672
2016-11-17,67.98149871826172,84.57499694824219,72.72200012207031,0.6243799924850464,67.85199737548828
2016-11-18,67.97480010986328,84.36699676513672,72.12999725341797,0.6159300208091736,67.41899871826172
2016-11-21,68.16999816894531,84.19200134277344,71.42559814453125,0.6139699816703796,67.39900207519531
2016-11-22,68.21549987792969,85.21600341796875,72.49500274658203,0.6157900094985962,67.62100219726562
2016-11-23,68.385498046875,84.95099639892578,72.64199829101562,0.6156600117683411,67.58200073242188
2016-11-24,68.79850006103516,85.4749984741211,72.45800018310547,0.6104300022125244,67.5469970703125
2016-11-25,68.74549865722656,85.5999984741211,72.52200317382812,0.6062300205230713,67.552001953125
2016-11-28,68.50849914550781,85.41100311279297,72.51499938964844,0.6052799820899963,67.48400115966797
2016-11-29,68.55549621582031,85.0989990234375,72.73300170898438,0.6133800148963928,67.65399932861328
2016-11-30,68.60800170898438,85.69599914550781,72.97200012207031,0.6092699766159058,67.74400329589844
2016-12-01,68.58799743652344,85.8270034790039,72.572998046875,0.5974299907684326,67.37200164794922
2016-12-02,68.21649932861328,85.93699645996094,72.66000366210938,0.5982599854469299,67.43099975585938
2016-12-05,68.0114974975586,86.27200317382812,72.48100280761719,0.5978999733924866,67.22100067138672
2016-12-06,68.01249694824219,86.552001953125,73.08100128173828,0.5967400074005127,67.46299743652344
2016-12-07,67.72200012207031,85.80000305175781,72.51599884033203,0.593209981918335,66.97799682617188
2016-12-08,67.43150329589844,85.15699768066406,72.48400115966797,0.5923799872398376,66.90899658203125
2016-12-09,67.40599822998047,84.80899810791016,71.51000213623047,0.5902100205421448,66.28199768066406
2016-12-12,67.46050262451172,84.9520034790039,71.18199920654297,0.5849699974060059,66.28099822998047
2016-12-13,67.41799926757812,85.4469985961914,71.65699768066406,0.5856500267982483,66.46199798583984
2016-12-14,67.3864974975586,85.32099914550781,71.53900146484375,0.5841000080108643,66.5270004272461
2016-12-15,67.81999969482422,85.01899719238281,70.85299682617188,0.5750799775123596,65.93900299072266
2016-12-16,67.84500122070312,84.30000305175781,70.6050033569336,0.5732100009918213,65.80799865722656
2016-12-19,67.83499908447266,84.65599822998047,69.80619812011719,0.5662400126457214,65.05699920654297
2016-12-20,67.84020233154297,84.05400085449219,70.51100158691406,0.5790200233459473,65.97100067138672
2016-12-21,67.89700317382812,84.01000213623047,70.4729995727539,0.5752000212669373,65.91500091552734
2016-12-22,67.82550048828125,83.78700256347656,70.65599822998047,0.5761799812316895,66.00199890136719
2016-12-23,67.83799743652344,83.36000061035156,70.73699951171875,0.5766199827194214,66.0739974975586
2016-12-26,67.83080291748047,83.23799896240234,70.84700012207031,0.5780799984931946,65.96399688720703
2016-12-27,67.77200317382812,83.1969985961914,69.88670349121094,0.5707799792289734,65.10199737548828
2016-12-28,67.96800231933594,83.40699768066406,71.01200103759766,0.5777699947357178,66.05000305175781
2016-12-29,68.20500183105469,83.37999725341797,70.9729995727539,0.5819000005722046,66.25800323486328
2016-12-30,67.93299865722656,83.26499938964844,71.76699829101562,0.5836399793624878,66.74400329589844
2017-01-02,67.9448013305664,83.81999969482422,71.38099670410156,0.5796999931335449,66.63600158691406
2017-01-03,68.13390350341797,83.6719970703125,71.18499755859375,0.5792499780654907,66.45700073242188
2017-01-04,68.2697982788086,83.56199645996094,71.05400085449219,0.579800009727478,66.4520034790039
2017-01-05,67.885498046875,83.63400268554688,71.2040023803711,0.5791100263595581,66.48899841308594
2017-01-06,67.73300170898438,84.11900329589844,71.76200103759766,0.5870100259780884,67.00700378417969
2017-01-09,68.1426010131836,83.5999984741211,71.66600036621094,0.5817000269889832,66.84600067138672
2017-01-10,68.09700012207031,82.85299682617188,72.0260009765625,0.5866000056266785,67.08300018310547
2017-01-11,68.31800079345703,83.16300201416016,72.02400207519531,0.5890600085258484,67.12000274658203
2017-01-12,68.13999938964844,83.2300033569336,72.2959976196289,0.592769980430603,67.35099792480469
2017-01-13,68.12950134277344,82.8219985961914,72.24700164794922,0.5935500264167786,67.35600280761719
2017-01-16,68.15779876708984,81.98899841308594,72.49099731445312,0.5950199961662292,67.51499938964844
2017-01-17,68.09459686279297,81.93299865722656,72.12799835205078,0.5959299802780151,67.26799774169922
2017-01-18,67.89949798583984,84.14900207519531,72.56300354003906,0.6009500026702881,67.62300109863281
2017-01-19,68.197998046875,83.61599731445312,72.4020004272461,0.5937399864196777,67.58399963378906
2017-01-20,68.09030151367188,84.02100372314453,72.50800323486328,0.5916799902915955,67.59100341796875
2017-01-23,68.07720184326172,84.26399993896484,72.78099822998047,0.5832899808883667,66.72899627685547
2017-01-24,68.05139923095703,85.27400207519531,73.13999938964844,0.6027600169181824,68.15599822998047
2017-01-25,68.16449737548828,85.4209976196289,73.07099914550781,0.5981600284576416,68.02899932861328
2017-01-26,67.9729995727539,85.85700225830078,73.00900268554688,0.5993599891662598,67.96399688720703
2017-01-27,68.14900207519531,85.822998046875,72.73500061035156,0.5948299765586853,68.08899688720703
2017-01-30,68.11000061035156,85.24400329589844,71.74980163574219,0.5827400088310242,67.14099884033203
2017-01-31,67.82099914550781,84.7490005493164,72.5530014038086,0.5960500240325928,68.1500015258789
2017-02-01,67.50160217285156,84.99299621582031,72.85700225830078,0.5984500050544739,68.18599700927734
2017-02-02,67.39540100097656,85.31800079345703,72.48500061035156,0.5940799713134766,67.78399658203125
2017-02-03,67.2656021118164,84.21900177001953,72.21099853515625,0.5951300263404846,67.62100219726562
2017-02-06,67.15730285644531,83.85900115966797,71.247802734375,0.586329996585846,66.58399963378906
2017-02-07,67.19529724121094,83.79499816894531,72.11799621582031,0.6003100275993347,67.71199798583984
2017-02-08,67.34049987792969,84.15499877929688,71.822998046875,0.5985000133514404,67.41000366210938
2017-02-09,66.96430206298828,83.88400268554688,71.60700225830078,0.5982099771499634,67.28900146484375
2017-02-10,66.74530029296875,83.4000015258789,71.0780029296875,0.5880600214004517,66.59100341796875
2017-02-13,66.84369659423828,83.47100067138672,70.15170288085938,0.5825300216674805,65.75599670410156
2017-02-14,66.91539764404297,83.78800201416016,70.8499984741211,0.587939977645874,66.47899627685547
2017-02-15,66.7759017944336,83.26399993896484,70.62100219726562,0.5840499997138977,66.34600067138672
2017-02-16,66.8655014038086,83.35299682617188,70.84100341796875,0.5853099822998047,66.47899627685547
2017-02-17,67.16480255126953,83.86100006103516,71.50800323486328,0.5913299918174744,67.18499755859375
2017-02-20,67.06520080566406,83.40599822998047,71.11900329589844,0.593720018863678,66.84400177001953
2017-02-21,66.96499633789062,83.52899932861328,70.89600372314453,0.589900016784668,66.60700225830078
2017-02-22,66.96510314941406,83.61100006103516,70.5250015258789,0.5885199904441833,66.28900146484375
2017-02-23,66.91429901123047,83.35199737548828,70.53299713134766,0.5894100069999695,66.12000274658203
2017-02-24,66.68280029296875,83.72599792480469,70.5009994506836,0.5910999774932861,66.2030029296875
2017-02-27,66.63500213623047,83.08000183105469,70.31099700927734,0.5935699939727783,66.06700134277344
2017-02-28,66.69319915771484,82.9520034790039,70.51499938964844,0.590969979763031,65.99700164794922
2017-03-01,66.7051010131836,82.58000183105469,70.4280014038086,0.5893800258636475,66.19499969482422
2017-03-02,66.85800170898438,82.23300170898438,70.36900329589844,0.5853099822998047,66.11199951171875
2017-03-03,66.84510040283203,82.01899719238281,70.09100341796875,0.5833399891853333,65.83399963378906
2017-03-06,66.77300262451172,82.11100006103516,70.85399627685547,0.5731899738311768,64.8280029296875
2017-03-07,66.66470336914062,81.58699798583984,70.4520034790039,0.5845699906349182,65.79900360107422
2017-03-08,66.61620330810547,81.28900146484375,70.33899688720703,0.5841100215911865,65.68499755859375
2017-03-09,66.76499938964844,81.28900146484375,70.3239974975586,0.5828800201416016,65.74500274658203
2017-03-10,66.68049621582031,81.04100036621094,70.46499633789062,0.5784599781036377,65.8030014038086
2017-03-13,66.48500061035156,80.91200256347656,69.69100189208984,0.5791599750518799,65.73600006103516
2017-03-14,66.17009735107422,80.7300033569336,70.40499877929688,0.575219988822937,65.60600280761719
2017-03-15,65.77510070800781,79.96199798583984,69.73100280761719,0.5730800032615662,65.09300231933594
2017-03-16,65.62049865722656,80.66200256347656,70.38999938964844,0.5781099796295166,65.54900360107422
2017-03-17,65.40450286865234,80.76499938964844,70.35299682617188,0.5763400197029114,65.56199645996094
2017-03-20,65.46810150146484,81.12300109863281,69.25859832763672,0.5806400179862976,65.53399658203125
2017-03-21,65.33529663085938,80.74099731445312,70.0780029296875,0.5798699855804443,65.33200073242188
2017-03-22,65.49500274658203,81.71600341796875,70.57099914550781,0.5852699875831604,65.7020034790039
2017-03-23,65.36499786376953,81.53299713134766,70.5530014038086,0.5869899988174438,65.89900207519531
2017-03-24,65.44439697265625,81.9280014038086,70.50299835205078,0.5888500213623047,65.8219985961914
2017-03-27,65.39309692382812,81.70700073242188,70.5790023803711,0.5871599912643433,65.92400360107422
2017-03-28,65.04499816894531,81.67400360107422,70.50800323486328,0.5859900116920471,65.84300231933594
2017-03-29,65.11000061035156,80.88999938964844,70.27899932861328,0.5840499997138977,65.48899841308594
2017-03-30,64.77999877929688,80.59200286865234,69.71199798583984,0.5830699801445007,65.01000213623047
2017-03-31,64.79000091552734,80.83899688720703,69.23600006103516,0.5796499848365784,64.75800323486328
2017-04-03,64.79669952392578,81.33100128173828,69.02200317382812,0.5817000269889832,64.59500122070312
2017-04-04,64.87750244140625,81.0459976196289,69.25599670410156,0.5860900282859802,64.80699920654297
2017-04-05,65.05000305175781,80.91999816894531,69.42500305175781,0.5863800048828125,64.89199829101562
2017-04-06,65.04000091552734,81.21399688720703,69.15499877929688,0.5870500206947327,64.55599975585938
2017-04-07,64.58000183105469,80.54399871826172,68.68299865722656,0.5818399786949158,64.18199920654297
2017-04-10,64.26000213623047,79.46900177001953,67.99199676513672,0.5779899954795837,63.624000549316406
2017-04-11,64.57499694824219,80.23699951171875,68.36799621582031,0.5827299952507019,63.987998962402344
2017-04-12,64.62999725341797,80.73300170898438,68.41899871826172,0.5882800221443176,64.02999877929688
2017-04-13,64.5,80.95899963378906,68.947998046875,0.5933600068092346,64.47899627685547
2017-04-14,64.44999694824219,80.59300231933594,68.32499694824219,0.5887799859046936,63.99599838256836
2017-04-17,64.45369720458984,80.75499725341797,68.32499694824219,0.592739999294281,64.04100036621094
2017-04-18,64.4083023071289,80.88400268554688,68.32499694824219,0.588699996471405,63.92499923706055
2017-04-19,64.56999969482422,82.94200134277344,69.19599914550781,0.5942400097846985,64.73400115966797
2017-04-20,64.64669799804688,82.6259994506836,69.18900299072266,0.5933200120925903,64.71099853515625
2017-04-21,64.66000366210938,82.7699966430664,69.15699768066406,0.5900899767875671,64.60900115966797
2017-04-24,64.63999938964844,82.89299774169922,69.2770004272461,0.59197998046875,64.84200286865234
2017-04-25,64.38999938964844,82.2699966430664,69.98500061035156,0.5875099897384644,64.677001953125
2017-04-26,64.3499984741211,82.56800079345703,70.21700286865234,0.5786399841308594,64.67500305175781
2017-04-27,64.0199966430664,82.24500274658203,69.87899780273438,0.5760700106620789,64.49400329589844
2017-04-28,64.05999755859375,82.58000183105469,69.57499694824219,0.5758600234985352,64.4000015258789
2017-05-01,64.25830078125,83.0790023803711,69.35389709472656,0.5758699774742126,64.54299926757812
2017-05-02,64.18000030517578,82.7699966430664,70.00900268554688,0.5739399790763855,64.45600128173828
2017-05-03,64.06999969482422,82.90599822998047,70.08799743652344,0.5723599791526794,64.6719970703125
2017-05-04,64.20999908447266,82.63999938964844,69.78600311279297,0.5682399868965149,64.46399688720703
2017-05-05,64.16999816894531,82.93800354003906,70.43499755859375,0.5700299739837646,65.04399871826172
2017-05-08,64.30799865722656,83.47799682617188,70.64399719238281,0.5699599981307983,65.06500244140625
2017-05-09,64.41179656982422,83.36199951171875,70.23999786376953,0.5677099823951721,64.39800262451172
2017-05-10,64.63999938964844,83.70899963378906,70.3280029296875,0.5682100057601929,64.16600036621094
2017-05-11,64.55000305175781,83.46199798583984,70.05599975585938,0.5638300180435181,63.88800048828125
2017-05-12,64.36000061035156,82.9489974975586,69.89299774169922,0.5651999711990356,63.832000732421875
2017-05-15,64.16549682617188,82.7020034790039,70.14399719238281,0.5661600232124329,64.10399627685547
2017-05-16,64.03829956054688,82.61900329589844,70.26699829101562,0.5631300210952759,64.25900268554688
2017-05-17,63.900001525878906,82.54199981689453,70.96800231933594,0.5677899718284607,64.98699951171875
2017-05-18,64.2300033569336,83.30699920654297,71.46700286865234,0.5763499736785889,65.4209976196289
2017-05-19,64.87110137939453,84.01899719238281,72.00800323486328,0.5819600224494934,66.1709976196289
2017-05-22,64.44850158691406,84.01499938964844,72.26499938964844,0.579509973526001,66.28900146484375
2017-05-23,64.50019836425781,83.81600189208984,72.41999816894531,0.5809400081634521,66.21700286865234
2017-05-24,64.88520050048828,84.11599731445312,72.46600341796875,0.579010009765625,66.39800262451172
2017-05-25,64.76010131835938,83.9990005493164,72.66000366210938,0.5801699757575989,66.52999877929688
2017-05-26,64.54540252685547,83.45899963378906,72.28900146484375,0.5770999789237976,66.25900268554688
2017-05-29,64.51319885253906,82.65399932861328,72.06199645996094,0.5787400007247925,66.15299987792969
2017-05-30,64.50859832763672,82.7490005493164,71.73999786376953,0.5798100233078003,65.83100128173828
2017-05-31,64.61859893798828,82.802001953125,72.10900115966797,0.5823299884796143,66.14299774169922
2017-06-01,64.5000991821289,83.0530014038086,72.4260025024414,0.5815799832344055,66.56300354003906
2017-06-02,64.37229919433594,82.93199920654297,72.22899627685547,0.578000009059906,66.31700134277344
2017-06-05,64.40499877929688,82.89900207519531,72.59300231933594,0.5723199844360352,65.66500091552734
2017-06-06,64.34400177001953,83.04100036621094,72.36100006103516,0.5823799967765808,66.61499786376953
2017-06-07,64.42050170898438,83.16600036621094,72.53900146484375,0.58788001537323,66.86100006103516
2017-06-08,64.41829681396484,83.47899627685547,72.43800354003906,0.585640013217926,66.71700286865234
2017-06-09,64.243896484375,82.28700256347656,71.77100372314453,0.5841799974441528,66.20700073242188
2017-06-12,64.37699890136719,82.02999877929688,71.84600067138672,0.5816799998283386,66.2020034790039
2017-06-13,64.46910095214844,81.677001953125,72.10900115966797,0.5859299898147583,66.45999908447266
2017-06-14,64.35749816894531,82.0780029296875,72.0469970703125,0.5838900208473206,66.34400177001953
2017-06-15,64.16580200195312,81.80000305175781,71.94000244140625,0.5861999988555908,66.0469970703125
2017-06-16,64.55999755859375,82.33100128173828,71.88700103759766,0.5812699794769287,66.12799835205078
2017-06-19,64.3949966430664,82.2229995727539,72.10199737548828,0.580810010433197,66.1240005493164
2017-06-20,64.48760223388672,82.10800170898438,71.79299926757812,0.5765799880027771,65.98899841308594
2017-06-21,64.53050231933594,81.46199798583984,71.79499816894531,0.5789899826049805,66.14099884033203
2017-06-22,64.5416030883789,81.79100036621094,72.00299835205078,0.5792199969291687,66.2979965209961
2017-06-23,64.59100341796875,81.875,71.95500183105469,0.5799400210380554,66.40599822998047
2017-06-26,64.49800109863281,82.15599822998047,72.12999725341797,0.5791900157928467,66.47599792480469
2017-06-27,64.42130279541016,81.94000244140625,71.97799682617188,0.5753600001335144,66.19400024414062
2017-06-28,64.5248031616211,82.7030029296875,73.01899719238281,0.5740000009536743,67.052001953125
2017-06-29,64.51190185546875,83.43499755859375,73.36199951171875,0.5736500024795532,67.1780014038086
2017-06-30,64.78510284423828,84.28299713134766,73.89099884033203,0.5766400098800659,67.59700012207031
2017-07-03,64.60679626464844,84.12200164794922,73.75800323486328,0.5744400024414062,67.36299896240234
2017-07-04,64.84269714355469,83.94100189208984,73.6520004272461,0.5712100267410278,67.24199676513672
2017-07-05,64.7688980102539,83.71299743652344,73.51799774169922,0.572920024394989,67.12300109863281
2017-07-06,64.79139709472656,83.80799865722656,73.4489974975586,0.5718500018119812,67.11900329589844
2017-07-07,64.71330261230469,83.92500305175781,73.86799621582031,0.5714499950408936,67.33599853515625
2017-07-10,64.61170196533203,83.28099822998047,73.60199737548828,0.5667999982833862,66.96800231933594
2017-07-12,64.52559661865234,82.9739990234375,73.9990005493164,0.5669599771499634,66.9530029296875
2017-07-13,64.36499786376953,82.99800109863281,73.54399871826172,0.5682100057601929,66.73400115966797
2017-07-14,64.42579650878906,83.4209976196289,73.43299865722656,0.5676500201225281,66.58499908447266
2017-07-17,64.26730346679688,84.22200012207031,73.81099700927734,0.5719299912452698,66.80000305175781
2017-07-18,64.33000183105469,84.00499725341797,73.74099731445312,0.5708100199699402,66.73699951171875
2017-07-19,64.3062973022461,83.83999633789062,74.1989974975586,0.5736700296401978,67.25700378417969
2017-07-20,64.26329803466797,83.7239990234375,74.01399993896484,0.5738499760627747,67.23600006103516
2017-07-21,64.32499694824219,83.40799713134766,74.7750015258789,0.574679970741272,67.58100128173828
2017-07-24,64.46109771728516,83.77300262451172,75.01200103759766,0.5785499811172485,68.00800323486328
2017-07-25,64.36509704589844,83.8219985961914,74.84300231933594,0.5781099796295166,67.86900329589844
2017-07-26,64.4469985961914,83.96399688720703,74.88999938964844,0.5743100047111511,67.50599670410156
2017-07-27,64.3447036743164,84.41000366210938,75.3949966430664,0.578279972076416,67.56800079345703
2017-07-28,64.18499755859375,83.89099884033203,74.87300109863281,0.5765600204467773,66.46499633789062
2017-07-31,64.12349700927734,84.25399780273438,74.11150360107422,0.5788300037384033,66.125
2017-08-01,64.18949890136719,84.75,75.8270034790039,0.581089973449707,66.3030014038086
2017-08-02,64.05580139160156,84.62899780273438,75.6259994506836,0.5797899961471558,66.31900024414062
2017-08-03,63.64059829711914,84.14900207519531,75.3479995727539,0.5740500092506409,65.50599670410156
2017-08-04,63.696998596191406,83.69100189208984,75.61399841308594,0.579069972038269,65.75
2017-08-07,63.66510009765625,83.09100341796875,74.52880096435547,0.5745599865913391,65.37000274658203
2017-08-08,63.830101013183594,83.197998046875,75.25399780273438,0.5757700204849243,65.50900268554688
2017-08-09,63.70289993286133,82.75800323486328,74.78700256347656,0.5777699947357178,65.38200378417969
2017-08-10,63.887699127197266,83.12200164794922,75.02899932861328,0.5795800089836121,66.20700073242188
2017-08-11,64.13860321044922,83.22100067138672,75.36000061035156,0.5868200063705444,66.56300354003906
2017-08-14,64.08100128173828,83.35600280761719,74.40260314941406,0.5868099927902222,66.60399627685547
2017-08-15,64.17430114746094,83.18499755859375,75.38899993896484,0.5823500156402588,65.83000183105469
2017-08-16,64.26300048828125,82.68599700927734,75.19999694824219,0.5791500210762024,65.85800170898438
2017-08-17,64.1604995727539,82.71600341796875,75.4739990234375,0.5826200246810913,66.40399932861328
2017-08-18,64.18890380859375,82.60399627685547,75.09200286865234,0.5862699747085571,66.60700225830078
2017-08-21,64.07589721679688,82.50800323486328,75.302001953125,0.5863500237464905,66.35700225830078
2017-08-22,64.15750122070312,82.74099731445312,75.6500015258789,0.5877199769020081,66.54900360107422
2017-08-23,64.05750274658203,82.15499877929688,75.27899932861328,0.5832399725914001,66.07499694824219
2017-08-24,64.00499725341797,81.9530029296875,75.59600067138672,0.5873900055885315,66.29499816894531
2017-08-25,64.03500366210938,81.9520034790039,75.48699951171875,0.5842099785804749,66.28299713134766
2017-08-28,63.99549865722656,82.59100341796875,74.67479705810547,0.5846800208091736,66.85700225830078
2017-08-29,63.78929901123047,82.46800231933594,76.36599731445312,0.5871300101280212,67.01300048828125
2017-08-30,63.98680114746094,82.68099975585938,76.54299926757812,0.5824999809265137,66.91100311279297
2017-08-31,63.976200103759766,82.66699981689453,76.0009994506836,0.5785700082778931,66.3239974975586
2017-09-01,63.91189956665039,82.69000244140625,76.06999969482422,0.5799300074577332,66.55899810791016
2017-09-04,64.0155029296875,82.98699951171875,75.84700012207031,0.5799199938774109,66.28199768066406
2017-09-05,64.02629852294922,82.74500274658203,76.08899688720703,0.5825700163841248,66.71299743652344
2017-09-06,64.0999984741211,83.59300231933594,76.36499786376953,0.5896700024604797,67.1520004272461
2017-09-07,64.0154037475586,83.5199966430664,76.3280029296875,0.5864099860191345,66.96600341796875
2017-09-08,63.95009994506836,83.74800109863281,76.91699981689453,0.5905600190162659,67.33799743652344
2017-09-11,63.930999755859375,84.30999755859375,76.68800354003906,0.5908600091934204,67.48899841308594
2017-09-12,63.97999954223633,84.2959976196289,76.37999725341797,0.5838500261306763,66.7979965209961
2017-09-13,63.98759841918945,85.03099822998047,76.5719985961914,0.580299973487854,66.63300323486328
2017-09-14,64.11509704589844,84.69200134277344,76.00599670410156,0.5786100029945374,66.3479995727539
2017-09-15,64.15499877929688,85.94200134277344,76.35700225830078,0.5828499794006348,66.62200164794922
2017-09-18,64.12020111083984,87.1709976196289,75.61039733886719,0.5777999758720398,66.71199798583984
2017-09-19,64.2146987915039,86.79399871826172,76.64299774169922,0.5747900009155273,66.6510009765625
2017-09-20,64.29869842529297,86.89399719238281,77.03199768066406,0.575689971446991,66.73799896240234
2017-09-21,64.28369903564453,86.7030029296875,76.24199676513672,0.5706400275230408,66.11100006103516
2017-09-22,64.80229949951172,88.00399780273438,77.33899688720703,0.5757799744606018,66.7300033569336
2017-09-25,64.89099884033203,87.61499786376953,77.33699798583984,0.5779500007629395,66.7699966430664
2017-09-26,65.26509857177734,87.95800018310547,77.13200378417969,0.5821499824523926,67.32599639892578
2017-09-27,65.3499984741211,87.90699768066406,77.0780029296875,0.5819100141525269,67.46299743652344
2017-09-28,65.5250015258789,87.78399658203125,77.125,0.5815899968147278,67.53199768066406
2017-09-29,65.36000061035156,87.77899932861328,77.0469970703125,0.5813999772071838,67.37300109863281
2017-10-02,65.29329681396484,87.4739990234375,77.08699798583984,0.581309974193573,67.36100006103516
2017-10-03,65.57170104980469,87.0459976196289,76.55500030517578,0.5785199999809265,66.95099639892578
2017-10-04,65.44309997558594,86.66799926757812,76.84500122070312,0.5796700119972229,67.21600341796875
2017-10-05,65.01950073242188,86.03900146484375,76.37300109863281,0.5757899880409241,66.60299682617188
2017-10-06,65.20999908447266,85.47599792480469,76.21800231933594,0.5770599842071533,66.50499725341797
2017-10-09,65.41419982910156,85.54199981689453,76.66999816894531,0.571150004863739,65.77999877929688
2017-10-10,65.41459655761719,85.95800018310547,76.65699768066406,0.5795300006866455,66.64099884033203
2017-10-11,65.23889923095703,86.1709976196289,77.02100372314453,0.580269992351532,66.89399719238281
2017-10-12,65.20539855957031,86.23699951171875,77.23200225830078,0.5789099931716919,66.88999938964844
2017-10-13,65.0459976196289,86.2760009765625,76.89299774169922,0.5791100263595581,66.65599822998047
2017-10-16,64.6729965209961,85.94999694824219,75.76129913330078,0.5779899954795837,66.3270034790039
2017-10-17,64.6946029663086,85.72200012207031,76.22699737548828,0.5760800242424011,66.25800323486328
2017-10-18,64.92870330810547,85.65799713134766,76.46700286865234,0.5789399743080139,66.42500305175781
2017-10-19,65.04010009765625,85.94100189208984,76.64299774169922,0.5750200152397156,66.22599792480469
2017-10-20,64.90460205078125,85.34600067138672,76.9229965209961,0.576170027256012,66.4990005493164
2017-10-23,65.1041030883789,85.83899688720703,76.54399871826172,0.5725700259208679,65.99500274658203
2017-10-24,65.03489685058594,85.86599731445312,76.35700225830078,0.5730699896812439,65.96800231933594
2017-10-25,65.07949829101562,85.46199798583984,76.45899963378906,0.5705999732017517,65.62999725341797
2017-10-26,64.83999633789062,86.05500030517578,76.65799713134766,0.5711399912834167,65.58699798583984
2017-10-27,64.5999984741211,84.78900146484375,75.37799835205078,0.567579984664917,64.90499877929688
2017-10-30,64.87339782714844,85.17900085449219,75.42500305175781,0.5716800093650818,65.11399841308594
2017-10-31,64.84239959716797,85.66799926757812,75.49199676513672,0.5734000205993652,65.13099670410156
2017-11-01,64.67009735107422,85.96299743652344,75.36399841308594,0.569100022315979,64.83799743652344
2017-11-02,64.55509948730469,85.56600189208984,74.99600219726562,0.5648499727249146,64.32499694824219
2017-11-03,64.50050354003906,84.18199920654297,75.20500183105469,0.5657100081443787,64.5510025024414
2017-11-06,64.69339752197266,84.5979995727539,74.86799621582031,0.5653600096702576,64.4520034790039
2017-11-07,64.59089660644531,85.07599639892578,74.96600341796875,0.5674300193786621,64.70099639892578
2017-11-08,65.16449737548828,85.8219985961914,75.39600372314453,0.5713300108909607,65.08599853515625
2017-11-09,64.9104995727539,85.12899780273438,75.18800354003906,0.5692200064659119,64.85600280761719
2017-11-10,64.96800231933594,85.3949966430664,75.59300231933594,0.5723699927330017,65.29299926757812
2017-11-13,65.1603012084961,85.76799774169922,75.9020004272461,0.573710024356842,65.36499786376953
2017-11-14,65.43840026855469,85.80999755859375,76.25900268554688,0.5755400061607361,65.60399627685547
2017-11-15,65.41339874267578,86.06099700927734,77.05500030517578,0.5761600136756897,66.02400207519531
2017-11-17,65.20999908447266,86.06300354003906,76.81800079345703,0.5770999789237976,65.65299987792969
2017-11-20,64.90499877929688,85.7490005493164,75.67150115966797,0.5722500085830688,64.89600372314453
2017-11-21,65.0250015258789,86.08999633789062,76.33100128173828,0.5777999758720398,65.4749984741211
2017-11-22,64.76129913330078,85.7770004272461,76.06999969482422,0.5769299864768982,65.39199829101562
2017-11-23,64.7699966430664,86.25599670410156,76.572998046875,0.5822299718856812,65.9800033569336
2017-11-24,64.57939910888672,85.9280014038086,76.44200134277344,0.5799000263214111,65.70999908447266
2017-11-27,64.54499816894531,86.07499694824219,75.6812973022461,0.5786200165748596,65.95999908447266
2017-11-28,64.43389892578125,85.83300018310547,76.67400360107422,0.5793499946594238,65.63099670410156
2017-11-29,64.47000122070312,86.10900115966797,76.23300170898438,0.5762500166893005,65.37300109863281
2017-11-30,64.41480255126953,86.4229965209961,76.19599914550781,0.5740200281143188,65.30599975585938
2017-12-01,64.49939727783203,87.25599670410156,76.65299987792969,0.5723599791526794,65.4729995727539
2017-12-04,64.50900268554688,86.91300201416016,75.7509994506836,0.5679100155830383,65.22699737548828
2017-12-05,64.35140228271484,86.70700073242188,76.31999969482422,0.5716300010681152,65.30599975585938
2017-12-06,64.35690307617188,86.31600189208984,76.06099700927734,0.5715399980545044,65.10700225830078
2017-12-07,64.51519775390625,86.38899993896484,76.09400177001953,0.5740000009536743,65.14700317382812
2017-12-08,64.54239654541016,87.03500366210938,75.93499755859375,0.5699999928474426,64.84600067138672
2017-12-11,64.4729995727539,86.30400085449219,75.77799987792969,0.5671799778938293,64.86499786376953
2017-12-12,64.3499984741211,85.87999725341797,75.71099853515625,0.5661900043487549,64.84200286865234
2017-12-13,64.55000305175781,85.96499633789062,75.5530014038086,0.5665599703788757,64.88899993896484
2017-12-14,64.31999969482422,86.27799987792969,76.21199798583984,0.5709199905395508,65.33100128173828
2017-12-15,64.2750015258789,86.33899688720703,75.68399810791016,0.5719500184059143,64.98999786376953
2017-12-18,64.07230377197266,85.35700225830078,75.23999786376953,0.568560004234314,64.625
2017-12-19,64.20010375976562,85.88899993896484,75.58200073242188,0.5698699951171875,65.06999969482422
2017-12-20,64.04759979248047,85.73999786376953,75.75399780273438,0.5665299892425537,64.93800354003906
2017-12-21,63.96500015258789,85.52999877929688,76.072998046875,0.565559983253479,64.93399810791016
2017-12-22,64.00969696044922,85.64299774169922,75.8290023803711,0.5643799901008606,64.68499755859375
2017-12-25,64.00779724121094,85.54900360107422,75.83799743652344,0.564329981803894,64.63099670410156
2017-12-26,64.010498046875,85.61000061035156,75.83799743652344,0.5639399886131287,64.63099670410156
2017-12-27,64.0281982421875,85.63400268554688,75.86699676513672,0.5651699900627136,64.64600372314453
2017-12-28,64.11499786376953,85.92900085449219,76.22899627685547,0.5656399726867676,64.96700286865234
2017-12-29,64.06199645996094,86.08499908447266,76.43199920654297,0.5670099854469299,65.39099884033203
2018-01-01,63.84080123901367,86.28099822998047,75.560302734375,0.5658800005912781,65.44499969482422
2018-01-02,63.86759948730469,86.2979965209961,75.560302734375,0.5587999820709229,64.53500366210938
2018-01-03,63.459999084472656,86.29000091552734,76.47200012207031,0.5647199749946594,65.25800323486328
2018-01-04,63.41910171508789,85.6780014038086,76.19000244140625,0.5633900165557861,64.91699981689453
2018-01-05,63.369598388671875,85.87799835205078,76.43399810791016,0.5615400075912476,64.99199676513672
2018-01-08,63.26499938964844,85.88800048828125,76.11499786376953,0.5595300197601318,64.83100128173828
2018-01-09,63.45199966430664,86.10700225830078,75.90299987792969,0.5604199767112732,64.87799835205078
2018-01-10,63.63610076904297,86.11100006103516,75.87799835205078,0.5641099810600281,64.6520004272461
2018-01-11,63.7599983215332,86.16200256347656,75.99600219726562,0.5703799724578857,65.01200103759766
2018-01-12,63.67210006713867,86.22000122070312,76.61199951171875,0.5716500282287598,65.20999908447266
2018-01-15,63.5885009765625,87.32599639892578,77.44200134277344,0.5621399879455566,64.55899810791016
2018-01-16,63.52119827270508,87.6520004272461,77.83999633789062,0.5737400054931641,65.87300109863281
2018-01-17,63.994300842285156,88.2969970703125,78.47899627685547,0.5794299840927124,66.68000030517578
2018-01-18,63.82500076293945,88.2229995727539,77.76699829101562,0.573140025138855,66.13300323486328
2018-01-19,63.86759948730469,88.72100067138672,78.07499694824219,0.574679970741272,66.53700256347656
2018-01-22,63.83209991455078,88.68000030517578,77.93000030517578,0.5754899978637695,66.21399688720703
2018-01-23,63.88010025024414,89.3280029296875,78.22699737548828,0.5751500129699707,66.33999633789062
2018-01-24,63.7504997253418,89.3740005493164,78.41500091552734,0.5784500241279602,66.5790023803711
2018-01-25,63.57789993286133,90.40799713134766,78.7979965209961,0.5816900134086609,67.19100189208984
2018-01-26,63.57310104370117,89.96499633789062,78.63099670410156,0.5784100294113159,67.36799621582031
2018-01-29,63.56999969482422,89.9020004272461,78.90499877929688,0.5843200087547302,68.03800201416016
2018-01-30,63.66939926147461,89.61100006103516,78.66300201416016,0.5832800269126892,67.77999877929688
2018-01-31,63.769901275634766,90.27400207519531,78.9530029296875,0.5851699709892273,68.07499694824219
2018-02-01,63.665000915527344,90.41999816894531,78.83300018310547,0.5813199877738953,68.16500091552734
2018-02-02,63.974998474121094,91.2760009765625,79.96199798583984,0.5842499732971191,69.0199966430664
2018-02-05,64.13249969482422,90.44300079345703,79.83599853515625,0.5817700028419495,68.83000183105469
2018-02-06,64.314697265625,89.7249984741211,79.24500274658203,0.5873600244522095,68.78800201416016
2018-02-07,63.97999954223633,89.29499816894531,79.4219970703125,0.5851200222969055,68.52200317382812
2018-02-08,64.19999694824219,89.05000305175781,78.78199768066406,0.5880799889564514,68.11399841308594
2018-02-09,64.44049835205078,89.79399871826172,78.75499725341797,0.5918400287628174,68.69499969482422
2018-02-12,64.2113037109375,88.76300048828125,78.68299865722656,0.5910099744796753,68.4020004272461
2018-02-13,64.28350067138672,89.01100158691406,79.00700378417969,0.5907999873161316,68.41100311279297
2018-02-14,64.2500991821289,89.21099853515625,79.30699920654297,0.5957900285720825,68.63899993896484
2018-02-15,64.02519989013672,89.74299621582031,79.83699798583984,0.6009299755096436,69.03600311279297
2018-02-16,63.890899658203125,90.13899993896484,79.81700134277344,0.6015999913215637,69.2229995727539
2018-02-19,64.37999725341797,90.28199768066406,79.58499908447266,0.6035900115966797,69.14700317382812
2018-02-20,64.50499725341797,90.27999877929688,79.5770034790039,0.6013799905776978,69.05599975585938
2018-02-21,64.86499786376953,90.7959976196289,79.92500305175781,0.603380024433136,69.19599914550781
2018-02-22,64.8949966430664,90.29499816894531,79.51000213623047,0.6015300154685974,68.95500183105469
2018-02-23,64.95140075683594,90.6259994506836,80.01499938964844,0.6078199744224548,69.56300354003906
2018-02-26,64.7030029296875,90.3740005493164,79.47100067138672,0.6047800183296204,69.00599670410156
2018-02-27,64.78040313720703,90.4749984741211,79.68099975585938,0.6042799949645996,68.93099975585938
2018-02-28,64.91000366210938,90.26599884033203,79.31999969482422,0.6037099957466125,69.03099822998047
2018-03-01,65.23999786376953,89.72599792480469,79.4209976196289,0.6108999848365784,68.97200012207031
2018-03-02,65.1500015258789,89.72599792480469,79.96399688720703,0.6137400269508362,69.21299743652344
2018-03-05,65.18669891357422,90.0,80.27799987792969,0.6162899732589722,69.4990005493164
2018-03-06,65.00370025634766,90.01699829101562,80.13800048828125,0.6114400029182434,69.11699676513672
2018-03-07,64.88999938964844,90.1760025024414,80.5,0.614300012588501,69.0999984741211
2018-03-08,64.89119720458984,90.21399688720703,80.4520034790039,0.6105200052261353,68.69499969482422
2018-03-09,65.09040069580078,89.85399627685547,80.03800201416016,0.6111699938774109,68.35299682617188
2018-03-12,64.96489715576172,90.01499938964844,80.06900024414062,0.6090099811553955,68.39099884033203
2018-03-13,64.94550323486328,90.31500244140625,80.10199737548828,0.6107900142669678,68.53600311279297
2018-03-14,64.8281021118164,90.55999755859375,80.28500366210938,0.6082599759101868,68.6520004272461
2018-03-15,64.83679962158203,90.5790023803711,80.16300201416016,0.6102399826049805,68.58599853515625
2018-03-16,65.01439666748047,90.5999984741211,79.90299987792969,0.6106899976730347,68.24400329589844
2018-03-19,65.06500244140625,90.71900177001953,79.78600311279297,0.612559974193573,68.17900085449219
2018-03-20,65.21009826660156,91.45899963378906,80.37899780273438,0.6146299839019775,68.50700378417969
2018-03-21,65.2323989868164,91.34500122070312,79.82599639892578,0.6120700240135193,68.1729965209961
2018-03-22,65.06559753417969,92.03099822998047,80.4010009765625,0.6146900057792664,68.63400268554688
2018-03-23,65.16000366210938,91.96299743652344,80.16500091552734,0.6196399927139282,68.71800231933594
2018-03-26,65.01499938964844,92.01399993896484,80.2020034790039,0.6196100115776062,68.54000091552734
2018-03-27,64.69499969482422,92.10700225830078,80.6729965209961,0.613860011100769,68.53099822998047
2018-03-28,64.89550018310547,91.99800109863281,80.5009994506836,0.6152300238609314,68.5459976196289
2018-03-29,65.14920043945312,91.71800231933594,80.13200378417969,0.6095600128173828,68.04499816894531
2018-03-30,65.02999877929688,91.24600219726562,80.01499938964844,0.611270010471344,68.01100158691406
2018-04-02,65.10549926757812,91.36299896240234,80.01499938964844,0.6105899810791016,68.0719985961914
2018-04-03,65.13999938964844,91.51399993896484,80.0208969116211,0.613860011100769,68.0739974975586
2018-04-04,64.90499877929688,91.27899932861328,79.72699737548828,0.6100800037384033,67.74700164794922
2018-04-05,64.99500274658203,91.55500030517578,79.84100341796875,0.6086000204086304,67.68000030517578
2018-04-06,64.86150360107422,90.8479995727539,79.41999816894531,0.6053900122642517,67.37300109863281
2018-04-09,64.90450286865234,91.4530029296875,79.66699981689453,0.606660008430481,67.64299774169922
2018-04-10,64.87000274658203,91.6729965209961,79.95800018310547,0.6079099774360657,67.86299896240234
2018-04-11,64.92530059814453,92.08899688720703,80.21800231933594,0.6057299971580505,67.84700012207031
2018-04-12,65.19000244140625,92.45500183105469,80.65599822998047,0.6102200150489807,68.08999633789062
2018-04-13,65.27570343017578,92.91899871826172,80.41899871826172,0.6083800196647644,67.78099822998047
2018-04-16,65.19560241699219,92.85099792480469,80.38600158691406,0.6072800159454346,67.75599670410156
2018-04-17,65.4292984008789,93.84600067138672,81.00499725341797,0.6109899878501892,68.16799926757812
2018-04-18,65.67500305175781,93.88800048828125,81.18900299072266,0.613070011138916,67.88700103759766
2018-04-19,66.01000213623047,93.76499938964844,81.27200317382812,0.6116799712181091,67.78500366210938
2018-04-20,66.11479949951172,93.11199951171875,81.23699951171875,0.6124899983406067,67.72799682617188
2018-04-23,66.1968994140625,92.72799682617188,80.24130249023438,0.6066200137138367,66.97699737548828
2018-04-24,66.54499816894531,92.75299835205078,81.14299774169922,0.6110299825668335,67.94599914550781
2018-04-25,66.41410064697266,92.9520034790039,81.18900299072266,0.6096900105476379,67.7770004272461
2018-04-26,66.90769958496094,93.24500274658203,81.36499786376953,0.6112200021743774,68.02899932861328
2018-04-27,66.9000015258789,93.09700012207031,80.81400299072266,0.6106100082397461,67.47699737548828
2018-04-30,66.61000061035156,91.78900146484375,80.73300170898438,0.6104099750518799,67.36699676513672
2018-05-01,66.44999694824219,91.48999786376953,80.19000244140625,0.6067799925804138,67.00700378417969
2018-05-02,66.7886962890625,90.88099670410156,80.23090362548828,0.6093599796295166,67.13300323486328
2018-05-03,67.08000183105469,91.05500030517578,79.60800170898438,0.6065199971199036,66.66500091552734
2018-05-04,66.66000366210938,90.45999908447266,79.84700012207031,0.6104400157928467,66.77300262451172
2018-05-07,66.81050109863281,90.42900085449219,79.8499984741211,0.6109600067138672,66.76699829101562
2018-05-08,67.1187973022461,91.0719985961914,80.04199981689453,0.6156299710273743,66.94100189208984
2018-05-09,67.1624984741211,91.0260009765625,79.63400268554688,0.6155999898910522,67.01200103759766
2018-05-10,67.62000274658203,91.63200378417969,79.71299743652344,0.6125699877738953,66.91300201416016
2018-05-11,67.38999938964844,91.11100006103516,80.03900146484375,0.6137499809265137,66.96399688720703
2018-05-14,67.3822021484375,91.2750015258789,80.37799835205078,0.6153799891471863,67.2760009765625
2018-05-15,67.6780014038086,91.79399871826172,80.52300262451172,0.6150599718093872,67.47000122070312
2018-05-16,68.45999908447266,92.4520034790039,80.40799713134766,0.6166700124740601,67.9260025024414
2018-05-17,68.05999755859375,92.1719970703125,79.99600219726562,0.6134700179100037,67.66999816894531
2018-05-18,68.13999938964844,92.06900024414062,79.82499694824219,0.6107699871063232,67.5770034790039
2018-05-21,67.9749984741211,91.60600280761719,79.95099639892578,0.6132400035858154,68.03500366210938
2018-05-22,68.4000015258789,91.88200378417969,80.21399688720703,0.613070011138916,68.25
2018-05-23,68.43000030517578,91.93900299072266,80.0989990234375,0.6136500239372253,68.4990005493164
2018-05-24,68.6500015258789,91.83899688720703,79.9229965209961,0.6211900115013123,68.64199829101562
2018-05-25,68.26010131835938,91.3550033569336,79.9530029296875,0.6238800287246704,68.7979965209961
2018-05-28,67.7217025756836,90.14199829101562,78.81900024414062,0.6183800101280212,68.36900329589844
2018-05-29,67.40280151367188,89.72699737548828,78.28600311279297,0.6155700087547302,67.7750015258789
2018-05-30,68.12999725341797,90.29900360107422,78.19000244140625,0.6251400113105774,68.39900207519531
2018-05-31,67.43000030517578,89.5719985961914,78.59200286865234,0.6195999979972839,68.14199829101562
2018-06-01,67.43499755859375,89.62699890136719,78.76599884033203,0.6194999814033508,68.39099884033203
2018-06-04,66.92500305175781,89.33799743652344,78.03600311279297,0.6112099885940552,67.74299621582031
2018-06-05,67.05999755859375,89.28199768066406,78.3949966430664,0.60930997133255,67.8010025024414
2018-06-06,67.08999633789062,89.94499969482422,78.5979995727539,0.6100900173187256,68.09400177001953
2018-06-07,66.8301010131836,89.70500183105469,78.66799926757812,0.6062999963760376,67.70899963378906
2018-06-08,67.41000366210938,90.45899963378906,79.4280014038086,0.6139100193977356,68.66500091552734
2018-06-11,67.51000213623047,90.43000030517578,79.39600372314453,0.6159700155258179,68.48899841308594
2018-06-12,67.48999786376953,90.26300048828125,79.35600280761719,0.6105999946594238,68.32499694824219
2018-06-13,67.91000366210938,90.82499694824219,79.19200134277344,0.6103100180625916,68.2959976196289
2018-06-14,67.77999877929688,90.69999694824219,79.77200317382812,0.6129699945449829,68.63600158691406
2018-06-15,68.12999725341797,90.34100341796875,78.20999908447266,0.6111599802970886,67.822998046875
2018-06-18,68.05000305175781,90.36299896240234,78.93099975585938,0.6146799921989441,68.1760025024414
2018-06-19,68.01000213623047,90.10399627685547,79.04399871826172,0.6170399785041809,68.35299682617188
2018-06-20,68.05000305175781,89.65699768066406,79.08100128173828,0.6199399828910828,68.64399719238281
2018-06-21,68.3499984741211,90.04399871826172,78.72699737548828,0.6161400079727173,68.25800323486328
2018-06-22,67.83000183105469,89.84600067138672,78.77400207519531,0.617330014705658,68.4469985961914
2018-06-25,67.85489654541016,90.00800323486328,79.04299926757812,0.6165099740028381,68.63800048828125
2018-06-26,68.33999633789062,90.75700378417969,79.625,0.6206499934196472,68.93800354003906
2018-06-27,68.36499786376953,90.40299987792969,79.57499694824219,0.6202899813652039,68.91899871826172
2018-06-28,69.23999786376953,90.83000183105469,79.29199981689453,0.6221200227737427,68.78800201416016
2018-06-29,68.79669952392578,89.9540023803711,79.51300048828125,0.6224300265312195,68.93199920654297
2018-07-02,68.43499755859375,90.375,79.90899658203125,0.6178699731826782,69.05999755859375
2018-07-03,68.6948013305664,90.28500366210938,79.91999816894531,0.6191700100898743,69.10800170898438
2018-07-04,68.83000183105469,90.79000091552734,79.84200286865234,0.620199978351593,69.02899932861328
2018-07-05,68.9800033569336,91.2770004272461,80.02999877929688,0.6209999918937683,69.1500015258789
2018-07-06,69.06999969482422,91.32599639892578,80.46499633789062,0.6223199963569641,69.28600311279297
2018-07-09,68.75499725341797,91.43000030517578,80.73200225830078,0.6222800016403198,69.43199920654297
2018-07-10,68.65979766845703,90.97899627685547,80.64199829101562,0.6182100176811218,69.19400024414062
2018-07-11,68.9000015258789,91.35299682617188,80.5459976196289,0.6197100281715393,69.18299865722656
2018-07-12,68.72000122070312,90.74299621582031,80.16899871826172,0.6132699847221375,68.96600341796875
2018-07-13,68.54000091552734,90.31500244140625,79.80000305175781,0.6071599721908569,68.21700286865234
2018-07-16,68.48670196533203,90.59100341796875,79.96199798583984,0.609000027179718,68.31099700927734
2018-07-17,68.72000122070312,90.9489974975586,80.18900299072266,0.6094300150871277,68.6989974975586
2018-07-18,68.35600280761719,89.5770034790039,79.65799713134766,0.604889988899231,68.32599639892578
2018-07-19,68.6155014038086,89.70500183105469,79.83699798583984,0.6077399849891663,68.63400268554688
2018-07-20,68.93509674072266,89.74400329589844,80.36599731445312,0.6136599779129028,69.04000091552734
2018-07-23,68.7332992553711,90.26799774169922,80.48300170898438,0.6161800026893616,69.1760025024414
2018-07-24,69.19999694824219,90.65899658203125,80.43399810791016,0.6170099973678589,69.25900268554688
2018-07-25,68.80999755859375,90.4800033569336,80.48899841308594,0.6192299723625183,69.33300018310547
2018-07-26,68.83999633789062,90.85600280761719,80.59200286865234,0.6194400191307068,69.28399658203125
2018-07-27,68.73999786376953,90.08399963378906,79.86100006103516,0.6170899868011475,69.00900268554688
2018-07-30,68.61499786376953,89.927001953125,79.89299774169922,0.617169976234436,68.90299987792969
2018-07-31,68.68499755859375,90.2229995727539,80.24299621582031,0.6175000071525574,69.35299682617188
2018-08-01,68.4968032836914,89.84400177001953,79.94599914550781,0.6117799878120422,69.05599975585938
2018-08-02,68.30709838867188,89.66500091552734,79.64299774169922,0.6117500066757202,68.85099792480469
2018-08-03,68.6155014038086,89.30799865722656,79.4260025024414,0.6138299703598022,68.86000061035156
2018-08-06,68.50499725341797,89.06400299072266,79.21600341796875,0.615369975566864,68.85399627685547
2018-08-07,68.80999755859375,89.07099914550781,79.46199798583984,0.6174799799919128,68.9990005493164
2018-08-08,68.59600067138672,88.78399658203125,79.5510025024414,0.6157900094985962,68.88600158691406
2018-08-09,68.45500183105469,88.15699768066406,79.63800048828125,0.6185700297355652,69.06300354003906
2018-08-10,69.0999984741211,88.62300109863281,79.15599822998047,0.6183000206947327,69.09300231933594
2018-08-13,69.08499908447266,88.21399688720703,78.52999877929688,0.6205700039863586,69.15899658203125
2018-08-14,69.9490966796875,89.27100372314453,79.74600219726562,0.632099986076355,70.41600036621094
2018-08-15,69.94999694824219,88.96900177001953,79.28299713134766,0.6281599998474121,70.28900146484375
2018-08-16,70.66000366210938,89.71299743652344,79.22000122070312,0.6316999793052673,70.32099914550781
2018-08-17,70.00499725341797,88.99099731445312,79.61900329589844,0.6307500004768372,70.18900299072266
2018-08-20,69.78500366210938,89.01799774169922,80.10700225830078,0.6340100169181824,70.35900115966797
2018-08-21,69.73999786376953,89.25,80.16100311279297,0.6343600153923035,70.41600036621094
2018-08-22,69.80999755859375,90.07599639892578,80.78600311279297,0.6336699724197388,70.90499877929688
2018-08-23,69.79000091552734,90.11000061035156,80.85700225830078,0.6311299800872803,70.9739990234375
2018-08-24,70.2750015258789,90.01499938964844,80.81400299072266,0.6287999749183655,70.98600006103516
2018-08-27,69.76499938964844,89.6510009765625,81.23899841308594,0.6285399794578552,71.07499694824219
2018-08-28,69.94499969482422,90.19599914550781,81.9010009765625,0.6307700276374817,71.56999969482422
2018-08-29,70.54000091552734,90.77799987792969,81.87000274658203,0.6300100088119507,71.6989974975586
2018-08-30,70.91000366210938,92.41500091552734,82.5199966430664,0.6309000253677368,72.61100006103516
2018-08-31,71.40499877929688,92.90599822998047,82.44100189208984,0.6367300152778625,72.9530029296875
2018-09-03,70.99500274658203,91.75900268554688,82.30699920654297,0.6387799978256226,73.20999908447266
2018-09-04,71.06999969482422,91.47899627685547,82.63999938964844,0.6404600143432617,73.40299987792969
2018-09-05,71.75,92.27100372314453,82.84400177001953,0.641510009765625,73.41400146484375
2018-09-06,71.88999938964844,92.83300018310547,83.40299987792969,0.6432099938392639,73.80799865722656
2018-09-07,71.93890380859375,93.00299835205078,83.52999877929688,0.6505600214004517,74.46399688720703
2018-09-10,72.09500122070312,93.20099639892578,82.86299896240234,0.6461099982261658,73.98799896240234
2018-09-11,72.44499969482422,94.38600158691406,83.9280014038086,0.651390016078949,74.26300048828125
2018-09-12,72.98999786376953,95.0260009765625,84.1500015258789,0.650160014629364,74.5790023803711
2018-09-13,71.92520141601562,93.8550033569336,83.80999755859375,0.6481000185012817,74.2959976196289
2018-09-14,72.02749633789062,94.43800354003906,84.14299774169922,0.6425099968910217,74.4800033569336
2018-09-17,72.09500122070312,94.24600219726562,83.51300048828125,0.6406800150871277,74.26300048828125
2018-09-18,72.53479766845703,95.36499786376953,84.552001953125,0.6487299799919128,75.26300048828125
2018-09-19,73.12000274658203,96.31099700927734,84.83100128173828,0.6468200087547302,75.36199951171875
2018-09-20,72.34500122070312,95.05799865722656,84.39700317382812,0.6436399817466736,74.72899627685547
2018-09-21,71.72000122070312,95.19499969482422,84.72100067138672,0.639490008354187,75.01699829101562
2018-09-24,72.2300033569336,94.49600219726562,84.8239974975586,0.6400399804115295,75.3219985961914
2018-09-25,73.30000305175781,96.125,85.32499694824219,0.6437000036239624,75.26699829101562
2018-09-26,73.08999633789062,96.30999755859375,85.41600036621094,0.6427599787712097,75.2239990234375
2018-09-27,72.7699966430664,95.8759994506836,85.21099853515625,0.643559992313385,75.1520004272461
2018-09-28,72.94999694824219,95.36900329589844,84.36299896240234,0.6395300030708313,74.2020034790039
2018-10-01,72.50499725341797,94.4739990234375,84.05699920654297,0.6370400190353394,73.76699829101562
2018-10-02,73.75499725341797,96.21099853515625,84.34500122070312,0.6393399834632874,74.06600189208984
2018-10-03,73.27999877929688,95.14399719238281,84.15899658203125,0.6414499878883362,74.04499816894531
2018-10-04,73.8499984741211,95.5989990234375,84.09100341796875,0.6400600075721741,73.87699890136719
2018-10-05,74.22000122070312,96.6709976196289,84.73100280761719,0.6458500027656555,74.20500183105469
2018-10-08,73.76300048828125,96.8030014038086,84.91000366210938,0.6474000215530396,74.3030014038086
2018-10-09,73.88999938964844,96.73999786376953,85.04299926757812,0.6541299819946289,74.55899810791016
2018-10-10,74.55000305175781,98.00599670410156,85.44499969482422,0.6572700142860413,74.88300323486328
2018-10-11,74.5999984741211,98.51300048828125,85.55599975585938,0.66184002161026,75.08599853515625
2018-10-12,74.16000366210938,98.14800262451172,85.74800109863281,0.6601099967956543,74.7300033569336
2018-10-15,73.6760025024414,96.53600311279297,85.02100372314453,0.6556199789047241,74.15699768066406
2018-10-16,74.08000183105469,97.4530029296875,85.37200164794922,0.6590200066566467,74.66899871826172
2018-10-17,73.45549774169922,96.84300231933594,84.96299743652344,0.6533200144767761,74.1050033569336
2018-10-18,73.91999816894531,96.822998046875,84.55599975585938,0.6528499722480774,73.88400268554688
2018-10-19,74.16000366210938,96.5739974975586,84.16699981689453,0.6549199819564819,73.77999877929688
2018-10-22,73.46499633789062,96.00499725341797,84.41100311279297,0.6515700221061707,73.60900115966797
2018-10-23,73.8594970703125,95.76000213623047,84.25700378417969,0.651639997959137,73.77100372314453
2018-10-24,73.22129821777344,95.06800079345703,84.29299926757812,0.6533600091934204,73.85399627685547
2018-10-25,73.22049713134766,94.32499694824219,83.38800048828125,0.6531100273132324,73.37999725341797
2018-10-26,73.22019958496094,93.88400268554688,83.20800018310547,0.6510699987411499,73.1719970703125
2018-10-29,73.125,93.84500122070312,83.68599700927734,0.656059980392456,73.60199737548828
2018-10-30,73.5905990600586,94.20600128173828,83.40499877929688,0.6527000069618225,73.19100189208984
2018-10-31,73.6500015258789,93.59100341796875,83.51699829101562,0.6510599851608276,73.22699737548828
2018-11-01,74.06999969482422,94.59100341796875,83.61299896240234,0.6547300219535828,73.29900360107422
2018-11-02,73.30999755859375,95.29399871826172,83.68399810791016,0.6510300040245056,73.22599792480469
2018-11-05,72.90499877929688,94.6449966430664,82.40699768066406,0.6393200159072876,72.12899780273438
2018-11-06,72.86000061035156,95.18099975585938,83.2969970703125,0.6446499824523926,72.66899871826172
2018-11-07,73.2300033569336,95.98899841308594,83.37000274658203,0.6429700255393982,72.76799774169922
2018-11-08,72.37999725341797,95.03700256347656,82.75900268554688,0.6374300122261047,72.24199676513672
2018-11-09,72.9000015258789,95.23899841308594,82.2020034790039,0.6345400214195251,71.87699890136719
2018-11-12,72.47000122070312,93.59500122070312,82.08300018310547,0.6363000273704529,72.00599670410156
2018-11-13,73.18000030517578,94.06099700927734,81.69400024414062,0.6401799917221069,72.03500366210938
2018-11-14,72.55000305175781,94.45899963378906,82.0510025024414,0.6375100016593933,72.10700225830078
2018-11-15,72.4000015258789,94.11000061035156,81.71700286865234,0.6361200213432312,71.80799865722656
2018-11-16,71.8917007446289,91.76799774169922,81.36000061035156,0.6326500177383423,71.34600067138672
2018-11-19,71.7750015258789,92.13200378417969,82.11399841308594,0.6373599767684937,71.91899871826172
2018-11-20,71.69000244140625,92.16999816894531,81.94200134277344,0.6359999775886536,72.0270004272461
2018-11-21,71.41500091552734,91.3239974975586,81.1500015258789,0.6329900026321411,71.73400115966797
2018-11-22,71.29499816894531,91.06500244140625,81.13300323486328,0.6302800178527832,71.64700317382812
2018-11-23,70.83499908447266,91.20600128173828,80.53800201416016,0.6250500082969666,71.01300048828125
2018-11-26,70.66999816894531,90.61299896240234,80.08899688720703,0.6250100135803223,70.81600189208984
2018-11-27,70.80999755859375,90.73400115966797,80.16600036621094,0.6232100129127502,70.86100006103516
2018-11-28,70.87999725341797,90.30500030517578,79.89600372314453,0.6215699911117554,70.82499694824219
2018-11-29,70.5999984741211,90.56900024414062,80.23100280761719,0.6214799880981445,71.04199981689453
2018-11-30,69.91999816894531,89.35299682617188,79.40599822998047,0.6145600080490112,69.9729995727539
2018-12-03,69.76000213623047,89.02799987792969,78.75,0.6129599809646606,69.65599822998047
2018-12-04,70.48500061035156,89.70999908447266,79.90499877929688,0.6195499897003174,70.51599884033203
2018-12-05,70.62999725341797,89.82599639892578,79.91899871826172,0.6251400113105774,70.63899993896484
2018-12-06,70.87000274658203,90.2229995727539,79.99500274658203,0.6235700249671936,70.6989974975586
2018-12-07,70.75,90.40599822998047,80.50800323486328,0.6280900239944458,71.26000213623047
2018-12-10,71.36499786376953,90.802001953125,80.63700103759766,0.6280699968338013,71.45500183105469
2018-12-11,72.7300033569336,91.36000061035156,82.2509994506836,0.6399099826812744,73.18900299072266
2018-12-12,72.62000274658203,90.74099731445312,81.7750015258789,0.6369699835777283,72.71199798583984
2018-12-13,72.1500015258789,91.16799926757812,81.62000274658203,0.6334900259971619,72.29100036621094
2018-12-14,71.5469970703125,90.53399658203125,81.23100280761719,0.6294800043106079,71.927001953125
2018-12-17,71.91000366210938,90.49700164794922,81.23300170898438,0.6338899731636047,72.01799774169922
2018-12-18,71.58999633789062,90.30000305175781,81.19400024414062,0.6340299844741821,72.06199645996094
2018-12-19,70.56999969482422,89.29199981689453,80.24700164794922,0.6269199848175049,71.08100128173828
2018-12-20,70.68550109863281,89.2490005493164,80.43699645996094,0.6284099817276001,71.06700134277344
2018-12-21,70.30000305175781,89.0780029296875,80.09200286865234,0.6288300156593323,70.83200073242188
2018-12-24,70.13999938964844,88.72899627685547,79.68299865722656,0.6296600103378296,70.46900177001953
2018-12-25,70.23999786376953,89.35900115966797,79.83599853515625,0.6338199973106384,70.91799926757812
2018-12-26,70.23999786376953,89.14700317382812,79.91799926757812,0.6357799768447876,70.06999969482422
2018-12-27,70.1500015258789,88.68699645996094,79.8949966430664,0.634090006351471,70.7040023803711
2018-12-28,69.98999786376953,88.51899719238281,80.36000061035156,0.6339100003242493,71.21399688720703
2018-12-31,69.92250061035156,88.85800170898438,79.9469985961914,0.6332399845123291,70.96900177001953
2019-01-01,69.70999908447266,88.79000091552734,79.68900299072266,0.6341400146484375,70.80599975585938
2019-01-02,69.70999908447266,88.90599822998047,80.1989974975586,0.6336100101470947,61.303001403808594
2019-01-03,69.95999908447266,87.64700317382812,79.14299774169922,0.6508200168609619,70.7229995727539
2019-01-04,70.30000305175781,88.81900024414062,79.79299926757812,0.6497399806976318,70.9489974975586
2019-01-07,69.5250015258789,88.50700378417969,79.1969985961914,0.6404899954795837,70.42900085449219
2019-01-08,69.80999755859375,89.2770004272461,80.0510025024414,0.6419900059700012,71.21299743652344
2019-01-09,70.33000183105469,89.53199768066406,80.26899719238281,0.6441100239753723,71.4489974975586
2019-01-10,70.55049896240234,90.28700256347656,81.45600128173828,0.6515899896621704,72.3740005493164
2019-01-11,70.72000122070312,90.17500305175781,80.97699737548828,0.6497399806976318,71.51000213623047
2019-01-14,70.37000274658203,90.51899719238281,80.66699981689453,0.6479799747467041,71.47200012207031
2019-01-15,71.08499908447266,91.55400085449219,81.10299682617188,0.6530500054359436,72.0510025024414
2019-01-16,71.09249877929688,91.49800109863281,81.09600067138672,0.6539300084114075,71.92500305175781
2019-01-17,71.36499786376953,91.9530029296875,80.822998046875,0.6503199934959412,71.6259994506836
2019-01-18,71.03019714355469,92.23500061035156,80.85199737548828,0.6501399874687195,71.39800262451172
2019-01-21,71.2300033569336,91.6050033569336,80.88899993896484,0.6486700177192688,71.48799896240234
2019-01-22,71.5,92.18699645996094,80.85700225830078,0.6484699845314026,71.3030014038086
2019-01-23,71.2302017211914,92.29100036621094,80.8740005493164,0.6507999897003174,71.3740005493164
2019-01-24,71.15730285644531,93.06500244140625,80.94499969482422,0.6493300199508667,71.47699737548828
2019-01-25,70.98999786376953,92.80999755859375,80.23200225830078,0.647159993648529,71.24299621582031
2019-01-28,70.9749984741211,93.74400329589844,79.51100158691406,0.6473100185394287,71.3550033569336
2019-01-29,71.09010314941406,93.53099822998047,81.18699645996094,0.6501200199127197,71.62799835205078
2019-01-30,71.62000274658203,93.70800018310547,81.60700225830078,0.652180016040802,71.74199676513672
2019-01-31,71.12000274658203,93.30899810791016,81.71900177001953,0.6528599858283997,71.5989990234375
2019-02-01,71.19999694824219,93.30400085449219,81.1520004272461,0.6512600183486938,71.31300354003906
2019-02-04,71.45169830322266,93.53700256347656,81.76300048828125,0.6517599821090698,71.69000244140625
2019-02-05,71.68499755859375,93.42500305175781,81.9280014038086,0.651449978351593,71.79399871826172
2019-02-06,71.7699966430664,92.98400115966797,81.51899719238281,0.6498399972915649,71.46299743652344
2019-02-07,71.54049682617188,92.53700256347656,81.23699951171875,0.6498799920082092,71.30799865722656
2019-02-08,71.58000183105469,92.69000244140625,80.76399993896484,0.6489199995994568,71.05400085449219
2019-02-11,71.1500015258789,92.0469970703125,80.5510025024414,0.648169994354248,71.1240005493164
2019-02-12,71.2300033569336,91.61399841308594,80.15499877929688,0.6437699794769287,70.77400207519531
2019-02-13,70.80999755859375,91.33300018310547,79.88999938964844,0.6378200054168701,70.05599975585938
2019-02-14,70.86509704589844,91.08200073242188,79.74700164794922,0.638189971446991,70.16600036621094
2019-02-15,71.01000213623047,90.875,80.15899658203125,0.6420199871063232,70.61599731445312
2019-02-18,71.31999969482422,92.01599884033203,80.4800033569336,0.6449800133705139,70.89199829101562
2019-02-19,71.69999694824219,92.64800262451172,80.65799713134766,0.6447200179100037,70.97899627685547
2019-02-20,71.5999984741211,93.51200103759766,80.80000305175781,0.6443899869918823,71.15499877929688
2019-02-21,71.30000305175781,93.03399658203125,80.55699920654297,0.6409500241279602,70.9749984741211
2019-02-22,71.18499755859375,92.80999755859375,80.64099884033203,0.6423299908638,71.0469970703125
2019-02-25,71.03099822998047,92.79199981689453,80.49199676513672,0.6418600082397461,70.98999786376953
2019-02-26,71.08999633789062,93.26300048828125,80.41999816894531,0.6372299790382385,70.73899841308594
2019-02-27,70.94000244140625,94.0479965209961,80.83499908447266,0.641700029373169,70.96700286865234
2019-02-28,71.19000244140625,94.78500366210938,80.9280014038086,0.6414600014686584,71.0739974975586
2019-03-01,70.81600189208984,93.92900085449219,80.46700286865234,0.6354100108146667,70.93599700927734
2019-03-04,70.98999786376953,93.927001953125,80.69000244140625,0.6344299912452698,71.052001953125
2019-03-05,70.9000015258789,93.43800354003906,80.31400299072266,0.6337199807167053,70.91699981689453
2019-03-06,70.74250030517578,93.09300231933594,79.62699890136719,0.6295199990272522,70.11100006103516
2019-03-07,70.36499786376953,92.68299865722656,79.20500183105469,0.6271899938583374,69.71199798583984
2019-03-08,70.48750305175781,92.26200103759766,78.43900299072266,0.6274499893188477,69.28700256347656
2019-03-11,69.98690032958984,90.89299774169922,78.63700103759766,0.6296799778938293,69.46399688720703
2019-03-12,69.79010009765625,92.4010009765625,78.50800323486328,0.6262999773025513,69.0270004272461
2019-03-13,69.84500122070312,91.31099700927734,78.50900268554688,0.6248999834060669,69.03299713134766
2019-03-14,69.72630310058594,92.74500274658203,78.73200225830078,0.6249099969863892,69.26100158691406
2019-03-15,69.3373031616211,91.88600158691406,78.36100006103516,0.6202099919319153,69.0510025024414
2019-03-18,68.9530029296875,91.70700073242188,78.04499816894531,0.618179976940155,68.76200103759766
2019-03-19,68.61799621582031,90.98799896240234,77.71700286865234,0.6154999732971191,68.46399688720703
2019-03-20,69.31749725341797,91.96800231933594,78.28299713134766,0.6188499927520752,69.0199966430664
2019-03-21,68.82499694824219,90.84600067138672,78.53299713134766,0.6208800077438354,69.33399963378906
2019-03-22,68.93000030517578,90.46900177001953,78.18800354003906,0.6204299926757812,69.2969970703125
2019-03-25,69.1604995727539,91.37000274658203,78.18199920654297,0.617389976978302,68.41000366210938
2019-03-26,68.92340087890625,91.01799774169922,77.91100311279297,0.6255699992179871,69.38400268554688
2019-03-27,69.42749786376953,91.71800231933594,77.70600128173828,0.6233400106430054,69.34600067138672
2019-03-28,69.37000274658203,91.19200134277344,77.66799926757812,0.6247100234031677,69.39299774169922
2019-03-29,69.5,90.74299621582031,77.6259994506836,0.624779999256134,69.48200225830078
2019-04-01,69.43000030517578,90.56500244140625,77.59100341796875,0.6239699721336365,69.49500274658203
2019-04-02,69.19529724121094,90.44000244140625,77.47100067138672,0.6204100251197815,69.18599700927734
2019-04-03,68.91020202636719,90.44499969482422,77.13500213623047,0.6185399889945984,68.97200012207031
2019-04-04,68.8499984741211,90.70500183105469,76.88899993896484,0.6137700080871582,68.55899810791016
2019-04-05,68.97039794921875,90.16899871826172,77.33599853515625,0.6171600222587585,68.91200256347656
2019-04-08,69.16000366210938,90.1520004272461,77.58799743652344,0.6191700100898743,69.18199920654297
2019-04-09,69.55249786376953,90.822998046875,78.2770004272461,0.6233599781990051,69.58000183105469
2019-04-10,69.26180267333984,90.44100189208984,77.96600341796875,0.6228299736976624,69.2239990234375
2019-04-11,69.14019775390625,90.53099822998047,77.88999938964844,0.6223199963569641,68.91400146484375
2019-04-12,69.43000030517578,90.68199920654297,77.63999938964844,0.6176400184631348,68.75700378417969
2019-04-15,69.16100311279297,90.4540023803711,78.09100341796875,0.6169099807739258,68.95099639892578
2019-04-16,69.80999755859375,91.44999694824219,78.36799621582031,0.6192799806594849,69.05599975585938
2019-04-17,69.88500213623047,91.16100311279297,78.38099670410156,0.6201900243759155,68.9280014038086
2019-04-18,69.4010009765625,90.48400115966797,78.33000183105469,0.6189600229263306,68.6050033569336
2019-04-19,69.38099670410156,90.13999938964844,77.89600372314453,0.6194499731063843,68.2969970703125
2019-04-22,69.36000061035156,90.13200378417969,78.01599884033203,0.6198599934577942,68.375
2019-04-23,70.0625,90.95500183105469,78.4530029296875,0.6224499940872192,68.60800170898438
2019-04-24,69.75800323486328,90.24299621582031,78.22599792480469,0.6229299902915955,68.31400299072266
2019-04-25,70.0958023071289,90.45800018310547,77.94999694824219,0.6228799819946289,68.49400329589844
2019-04-26,70.16000366210938,90.48300170898438,78.06099700927734,0.6279799938201904,68.71499633789062
2019-04-29,69.84200286865234,90.22699737548828,77.78199768066406,0.6244800090789795,68.4489974975586
2019-04-30,69.81179809570312,90.26599884033203,78.05699920654297,0.6245599985122681,68.43800354003906
2019-05-01,69.55599975585938,90.68599700927734,78.0469970703125,0.6247599720954895,68.30500030517578
2019-05-02,69.63289642333984,90.89199829101562,78.1709976196289,0.6253700256347656,68.54100036621094
2019-05-03,69.42440032958984,90.4729995727539,77.4749984741211,0.6218900084495544,68.0199966430664
2019-05-06,69.16799926757812,91.06600189208984,77.34500122070312,0.6214900016784668,67.9209976196289
2019-05-07,69.40029907226562,90.88600158691406,77.66600036621094,0.6257500052452087,68.15499877929688
2019-05-08,69.91000366210938,91.36699676513672,77.81400299072266,0.6306599974632263,68.19599914550781
2019-05-09,70.01000213623047,91.11100006103516,78.00800323486328,0.6330999732017517,68.27799987792969
2019-05-10,70.41000366210938,91.59600067138672,78.67400360107422,0.6386399865150452,69.06300354003906
2019-05-13,69.92250061035156,90.94599914550781,78.58200073242188,0.6357799768447876,69.12300109863281
2019-05-14,70.61699676513672,91.51100158691406,79.2490005493164,0.646399974822998,70.1719970703125
2019-05-15,70.30699920654297,90.74199676513672,78.7040023803711,0.640529990196228,69.62999725341797
2019-05-16,70.20919799804688,90.1969985961914,78.61599731445312,0.6407700181007385,69.572998046875
2019-05-17,70.23500061035156,89.88400268554688,78.40499877929688,0.6386600136756897,69.4729995727539
2019-05-20,70.28150177001953,89.4469985961914,78.33499908447266,0.6379600167274475,69.44599914550781
2019-05-21,70.12750244140625,89.27899932861328,77.66300201416016,0.6317399740219116,68.9540023803711
2019-05-22,,88.90699768066406,77.67500305175781,,68.81400299072266
2019-05-23,69.97250366210938,88.62000274658203,77.61499786376953,0.6312299966812134,68.9489974975586
2019-05-24,69.94499969482422,88.572998046875,77.83699798583984,0.6351900100708008,69.37999725341797
2019-05-27,69.36000061035156,88.1780014038086,76.80000305175781,0.6271200180053711,68.4219970703125
2019-05-28,69.72000122070312,88.39800262451172,77.71900177001953,0.6339200139045715,69.15399932861328
2019-05-29,69.875,88.4489974975586,77.66100311279297,0.635890007019043,69.0510025024414
2019-05-30,69.81500244140625,88.16100311279297,77.68399810791016,0.6367499828338623,69.1760025024414
2019-05-31,69.9800033569336,88.23899841308594,77.64600372314453,0.6377599835395813,69.26300048828125
2019-06-03,69.5696029663086,87.90699768066406,77.70700073242188,0.6408600211143494,69.36599731445312
2019-06-04,69.16190338134766,87.58000183105469,77.71299743652344,0.6396999955177307,69.60700225830078
2019-06-05,69.55999755859375,88.3489990234375,77.89700317382812,0.6394100189208984,69.74800109863281
2019-06-06,69.625,88.322998046875,77.84600067138672,0.6400799751281738,69.73300170898438
2019-06-07,69.36000061035156,88.05799865722656,77.91699981689453,0.6369900107383728,69.68399810791016
2019-06-10,69.34500122070312,88.23600006103516,78.5199966430664,0.6404600143432617,70.14199829101562
2019-06-11,69.52349853515625,88.22799682617188,78.59500122070312,0.6408100128173828,70.19400024414062
2019-06-12,69.3864974975586,88.30000305175781,78.54299926757812,0.6390299797058105,69.86000061035156
2019-06-13,69.69999694824219,88.47100067138672,78.26899719238281,0.6388800144195557,69.66200256347656
2019-06-14,69.80000305175781,88.50900268554688,78.39299774169922,0.6415500044822693,69.94100189208984
2019-06-17,69.77050018310547,87.85199737548828,78.19599914550781,0.6409500241279602,69.83300018310547
2019-06-18,70.11250305175781,87.9280014038086,78.2979965209961,0.6426200270652771,69.84300231933594
2019-06-19,69.76499938964844,87.67400360107422,77.86900329589844,0.6404100060462952,69.48600006103516
2019-06-20,69.87000274658203,88.41300201416016,78.17500305175781,0.6436100006103516,70.07599639892578
2019-06-21,69.77999877929688,88.66600036621094,78.44599914550781,0.647379994392395,70.78399658203125
2019-06-24,69.56990051269531,88.66899871826172,79.05799865722656,0.6479899883270264,71.19100189208984
2019-06-25,69.60250091552734,88.66699981689453,78.87999725341797,0.6447799801826477,71.17500305175781
2019-06-26,69.63749694824219,88.36299896240234,78.73500061035156,0.6462799906730652,71.04199981689453
2019-06-27,69.60250091552734,88.37300109863281,78.64900207519531,0.6418200135231018,70.73699951171875
2019-06-28,69.32499694824219,87.86399841308594,78.4530029296875,0.6403300166130066,70.63899993896484
2019-07-01,68.94049835205078,87.49400329589844,78.31600189208984,0.6384299993515015,70.55799865722656
2019-07-02,69.1675033569336,87.46099853515625,77.6709976196289,0.6349700093269348,69.69400024414062
2019-07-03,69.0824966430664,87.03900146484375,77.70700073242188,0.6383399963378906,69.83999633789062
2019-07-04,69.00749969482422,86.8239974975586,77.56400299072266,0.6375499963760376,69.71199798583984
2019-07-05,68.73999786376953,86.48799896240234,77.25599670410156,0.6349599957466125,69.51499938964844
2019-07-08,68.44000244140625,85.72100067138672,76.75499725341797,0.6304299831390381,68.94100189208984
2019-07-09,68.8499984741211,86.18099975585938,76.82099914550781,0.6300699710845947,68.89900207519531
2019-07-10,68.76499938964844,85.6780014038086,76.74400329589844,0.6287699937820435,68.93000030517578
2019-07-11,68.36759948730469,85.51499938964844,76.94999694824219,0.6308599710464478,69.16899871826172
2019-07-12,68.66999816894531,85.98799896240234,76.93399810791016,0.6297399997711182,69.0260009765625
2019-07-15,68.55030059814453,86.18099975585938,77.19100189208984,0.6347399950027466,69.5979995727539
2019-07-16,68.74749755859375,86.06300354003906,77.10600280761719,0.6345499753952026,69.55500030517578
2019-07-17,68.8949966430664,85.50399780273438,76.93299865722656,0.6341300010681152,69.44999694824219
2019-07-18,68.78600311279297,85.51699829101562,77.21700286865234,0.6371099948883057,69.68299865722656
2019-07-19,68.8499984741211,86.3489990234375,77.4540023803711,0.6403999924659729,69.99199676513672
2019-07-22,68.83000183105469,86.07099914550781,77.19499969482422,0.6385800242424011,70.0790023803711
2019-07-23,69.16000366210938,86.26799774169922,77.16000366210938,0.6381300091743469,70.0739974975586
2019-07-24,69.0199966430664,85.84200286865234,76.8949966430664,0.6370900273323059,69.97599792480469
2019-07-25,69.18499755859375,86.37200164794922,76.79000091552734,0.6369500160217285,69.98799896240234
2019-07-26,69.15049743652344,86.11299896240234,77.00299835205078,0.6357399821281433,69.71399688720703
2019-07-29,68.87000274658203,85.25399780273438,76.56300354003906,0.6330699920654297,69.25599670410156
2019-07-30,68.94999694824219,84.23899841308594,76.52999877929688,0.6309700012207031,69.23600006103516
2019-07-31,69.07749938964844,84.0260009765625,76.73400115966797,0.6335099935531616,69.45099639892578
2019-08-01,69.40499877929688,84.35099792480469,76.17500305175781,0.6322100162506104,69.2030029296875
2019-08-02,69.29720306396484,84.0270004272461,76.38500213623047,0.6418200135231018,69.63800048828125
2019-08-05,69.65689849853516,84.62100219726562,77.34300231933594,0.6533499956130981,70.8949966430664
2019-08-06,71.5199966430664,86.9520034790039,79.5510025024414,0.6700400114059448,72.89399719238281
2019-08-07,71.2300033569336,86.66500091552734,79.51699829101562,0.6673700213432312,72.7229995727539
2019-08-08,71.16510009765625,86.40699768066406,79.66799926757812,0.6700400114059448,72.93599700927734
2019-08-09,70.47090148925781,85.5739974975586,78.7750015258789,0.6650300025939941,72.29399871826172
2019-08-12,71.03500366210938,85.47100067138672,79.3550033569336,0.6705099940299988,72.81300354003906
2019-08-13,71.58000183105469,86.45999908447266,79.87100219726562,0.6759700179100037,73.47699737548828
2019-08-14,71.08000183105469,85.72799682617188,79.74099731445312,0.6692799925804138,73.08999633789062
2019-08-15,71.63520050048828,86.39199829101562,79.33799743652344,0.6721900105476379,73.14600372314453
2019-08-16,71.72000122070312,86.70800018310547,79.70099639892578,0.6761699914932251,73.45999908447266
2019-08-19,71.13200378417969,86.48300170898438,78.83100128173828,0.6683400273323059,72.62200164794922
2019-08-20,71.99500274658203,87.302001953125,79.10600280761719,0.6697900295257568,72.73500061035156
2019-08-21,71.80999755859375,87.34300231933594,79.32499694824219,0.6726099848747253,73.08799743652344
2019-08-22,71.43779754638672,86.66200256347656,79.1500015258789,0.6694700121879578,72.66400146484375
2019-08-23,71.92040252685547,88.13700103759766,79.64399719238281,0.6748899817466736,73.0469970703125
2019-08-26,71.50250244140625,87.73100280761719,79.5989990234375,0.6595100164413452,71.95500183105469
2019-08-27,72.16000366210938,88.19000244140625,79.87300109863281,0.678849995136261,73.48400115966797
2019-08-28,71.53500366210938,87.87200164794922,79.26699829101562,0.6759200096130371,72.8550033569336
2019-08-29,72.08499908447266,88.08000183105469,79.54299926757812,0.6764299869537354,73.11599731445312
2019-08-30,71.6801986694336,87.33000183105469,79.21299743652344,0.6727799773216248,72.64199829101562
2019-09-02,71.72989654541016,87.22100067138672,78.4540023803711,0.6715199947357178,72.125
2019-09-03,71.96209716796875,86.8270034790039,78.83000183105469,0.677049994468689,72.58399963378906
2019-09-04,72.45999908447266,87.60700225830078,79.10900115966797,0.6811100244522095,73.06300354003906
2019-09-05,71.95570373535156,88.11100006103516,79.33399963378906,0.6761000156402588,73.28399658203125
2019-09-06,72.22000122070312,88.9990005493164,79.28399658203125,0.6712700128555298,72.86100006103516
2019-09-09,71.66999816894531,88.02999877929688,77.97599792480469,0.6551200151443481,71.60700225830078
2019-09-10,72.09249877929688,88.99500274658203,79.21900177001953,0.6680600047111511,72.2509994506836
2019-09-11,71.85900115966797,88.78099822998047,79.33799743652344,0.6672899723052979,72.40399932861328
2019-09-12,71.56009674072266,88.2699966430664,78.73999786376953,0.6617799997329712,71.94400024414062
2019-09-13,71.28500366210938,87.88700103759766,78.38300323486328,0.6553599834442139,71.5530014038086
2019-09-16,71.02069854736328,88.76499938964844,78.53600311279297,0.6561300158500671,71.63400268554688
2019-09-17,71.74909973144531,89.14099884033203,78.68000030517578,0.6611199975013733,72.00199890136719
2019-09-18,71.70999908447266,89.64800262451172,79.08799743652344,0.6606799960136414,71.94200134277344
2019-09-19,71.5425033569336,89.2229995727539,78.38899993896484,0.6555200219154358,71.28500366210938
2019-09-20,71.71749877929688,89.81500244140625,78.75700378417969,0.6600199937820435,71.80899810791016
2019-09-23,71.19159698486328,88.78800201416016,78.23799896240234,0.6599599719047546,71.64700317382812
2019-09-24,70.78959655761719,88.01399993896484,77.74600219726562,0.6572200059890747,71.44400024414062
2019-09-25,71.28500366210938,89.00199890136719,78.08399963378906,0.6614800095558167,71.89099884033203
2019-09-26,71.30999755859375,88.1240005493164,77.66999816894531,0.6584600210189819,71.54199981689453
2019-09-27,71.21499633789062,87.79000091552734,77.4229965209961,0.6577699780464172,71.3489990234375
2019-09-30,70.49870300292969,86.65399932861328,77.06400299072266,0.6524999737739563,71.08899688720703
2019-10-01,70.92250061035156,87.15699768066406,76.91600036621094,0.652970016002655,70.73400115966797
2019-10-02,71.0999984741211,87.37899780273438,77.6719970703125,0.6594600081443787,71.55699920654297
2019-10-03,71.1416015625,87.5199966430664,77.90399932861328,0.6631699800491333,71.29900360107422
2019-10-04,71.0199966430664,87.64600372314453,77.87899780273438,0.6642699837684631,71.09300231933594
2019-10-07,70.81500244140625,87.3290023803711,77.68599700927734,0.6614400148391724,71.08100128173828
2019-10-08,71.36000061035156,87.68699645996094,77.79399871826172,0.6609899997711182,71.26300048828125
2019-10-09,71.20999908447266,87.01100158691406,77.9739990234375,0.6651899814605713,71.68099975585938
2019-10-10,71.41000366210938,87.21499633789062,78.04900360107422,0.6628699898719788,71.55000305175781
2019-10-11,70.9800033569336,88.24800109863281,78.08399963378906,0.6573899984359741,71.19200134277344
2019-10-14,70.91400146484375,89.54071044921875,78.24099731445312,0.6539980173110962,71.12494659423828
2019-10-15,71.45249938964844,90.09266662597656,78.46199798583984,0.6565390229225159,71.33232879638672
2019-10-16,71.76000213623047,91.55397033691406,78.81300354003906,0.6563760042190552,71.52626037597656
2019-10-17,71.62000274658203,91.82286834716797,78.9489974975586,0.6559680104255676,71.68611907958984
2019-10-18,71.42250061035156,91.92202758789062,79.05599975585938,0.6544129848480225,71.9564208984375
2019-10-21,71.02999877929688,91.59369659423828,79.33499908447266,0.6548489928245544,72.15553283691406
2019-10-22,71.1050033569336,92.21661376953125,79.0009994506836,0.6522840261459351,71.83966064453125
2019-10-23,71.07499694824219,91.56788635253906,78.72699737548828,0.6520810127258301,71.49883270263672
2019-10-24,70.71499633789062,91.36068725585938,78.6510009765625,0.6503329873085022,71.33262634277344
2019-10-25,71.19000244140625,91.39813232421875,78.72000122070312,0.6528120040893555,71.4434814453125
2019-10-28,70.83000183105469,90.85427856445312,78.38899993896484,0.6509630084037781,71.13017272949219
2019-10-29,70.73500061035156,90.9541015625,78.43599700927734,0.6485289931297302,71.04387664794922
2019-10-30,70.88459777832031,91.193359375,78.69300079345703,0.6504089832305908,71.23052978515625
2019-10-31,70.98999786376953,91.58818054199219,79.05000305175781,0.6515160202980042,71.6678466796875
2019-11-01,70.97000122070312,91.7873764038086,79.20099639892578,0.6573240160942078,71.95838928222656
2019-11-04,70.51210021972656,91.21935272216797,78.93800354003906,0.6534600257873535,71.72920989990234
2019-11-05,71.0,91.50663757324219,78.69400024414062,0.6505730152130127,71.53675079345703
2019-11-06,70.8949966430664,91.32247161865234,78.29299926757812,0.6477000117301941,71.2240219116211
2019-11-07,71.0,91.28076171875,78.52799987792969,0.6512389779090881,71.47193145751953
2019-11-08,71.37650299072266,91.77993774414062,78.44100189208984,0.649528980255127,71.34404754638672
2019-11-11,71.37650299072266,91.20256805419922,78.552001953125,0.6526960134506226,71.49214935302734
2019-11-12,71.5739974975586,92.23905944824219,78.89399719238281,0.6556580066680908,71.98719024658203
2019-11-13,71.77999877929688,92.25048065185547,78.97899627685547,0.6579089760780334,72.23853302001953
2019-11-14,72.1415023803711,92.727783203125,79.35399627685547,0.6624429821968079,72.82454681396484
2019-11-15,71.95580291748047,92.65765380859375,79.22599792480469,0.662697970867157,72.71275329589844
2019-11-18,71.70580291748047,92.3955078125,79.11499786376953,0.6581130027770996,72.32048797607422
2019-11-19,71.93509674072266,93.15544128417969,79.58100128173828,0.6613479852676392,72.64022827148438
2019-11-20,71.85099792480469,93.18592834472656,79.49700164794922,0.6617140173912048,72.45806121826172
2019-11-21,71.76820373535156,92.77259063720703,79.40399932861328,0.6607670187950134,72.35977935791016
2019-11-22,71.7405014038086,92.6758804321289,79.31500244140625,0.6600940227508545,72.19315338134766
2019-11-25,71.78260040283203,92.11702728271484,79.0479965209961,0.6600580215454102,71.9184799194336
2019-11-26,71.67949676513672,92.44184112548828,78.85700225830078,0.657131016254425,71.85050201416016
2019-11-27,71.42839813232422,91.84754180908203,78.70899963378906,0.6545469760894775,71.57868957519531
2019-11-28,71.22810363769531,92.09558868408203,78.33799743652344,0.6509529948234558,71.29576110839844
2019-11-29,71.54740142822266,92.37841796875,78.65799713134766,0.6522219777107239,71.53816223144531
2019-12-02,71.7229995727539,92.77015686035156,78.97899627685547,0.6543149948120117,71.65373992919922
2019-12-03,71.625,92.68018341064453,79.25900268554688,0.6563400030136108,72.16844940185547
2019-12-04,71.95999908447266,93.59893035888672,79.4219970703125,0.6595960259437561,72.59349060058594
2019-12-05,71.4801025390625,93.70741271972656,79.14900207519531,0.6561980247497559,72.26139831542969
2019-12-06,71.38500213623047,93.73489379882812,79.02899932861328,0.65447598695755,72.08538055419922
2019-12-09,71.28679656982422,93.6321029663086,78.76000213623047,0.6557750105857849,71.88681030273438
2019-12-10,70.96019744873047,93.28150177001953,78.44499969482422,0.6530010104179382,71.7667465209961
2019-12-11,71.01000213623047,92.99147033691406,78.47000122070312,0.6503289937973022,71.85108184814453
2019-12-12,70.72930145263672,93.35310363769531,78.63800048828125,0.6507400274276733,71.88346862792969
2019-12-13,70.55989837646484,95.06614685058594,78.85299682617188,0.6442980170249939,71.56645965576172
2019-12-16,70.68900299072266,94.2780990600586,78.6449966430664,0.6470999717712402,71.86386108398438
2019-12-17,70.92050170898438,94.26499938964844,78.89199829101562,0.6465349793434143,72.05625915527344
2019-12-18,71.21499633789062,93.23429870605469,79.13500213623047,0.6479039788246155,72.418212890625
2019-12-19,70.98989868164062,92.89453125,78.83999633789062,0.6474130153656006,72.3631362915039
2019-12-20,71.22270202636719,92.94320678710938,79.09700012207031,0.6500759720802307,72.66938781738281
2019-12-23,71.02400207519531,92.34390258789062,78.6240005493164,0.6485769748687744,72.22994995117188
2019-12-24,71.21070098876953,92.15827941894531,78.91699981689453,0.6505450010299683,72.48571014404297
2019-12-25,71.45999908447266,92.34441375732422,78.95899963378906,0.6509929895401001,72.62934875488281
2019-12-26,71.54000091552734,92.78858947753906,78.95899963378906,0.6512889862060547,72.64939880371094
2019-12-27,71.30030059814453,92.89021301269531,78.95899963378906,0.6418430209159851,71.6678237915039
2019-12-30,71.31300354003906,93.31175231933594,79.7770004272461,0.6517279744148254,73.24121856689453
2019-12-31,71.31099700927734,93.83525848388672,79.81300354003906,0.6542050242424011,73.53800201416016
2020-01-01,71.27580261230469,94.48721313476562,79.93299865722656,0.6559969782829285,73.64444732666016
2020-01-02,71.0250015258789,94.13276672363281,79.93000030517578,0.6520310044288635,72.75818634033203
2020-01-03,71.41500091552734,93.8370590209961,79.62200164794922,0.65659499168396,73.36067199707031
2020-01-06,71.73100280761719,93.7944564819336,80.00199890136719,0.6632930040359497,73.73668670654297
2020-01-07,71.78700256347656,94.58544158935547,80.3759994506836,0.662289023399353,74.12886047363281
2020-01-08,72.16000366210938,94.63358306884766,80.04900360107422,0.6645749807357788,74.08171844482422
2020-01-09,71.41190338134766,93.90923309326172,79.38600158691406,0.655053973197937,73.38664245605469
2020-01-10,71.19429779052734,93.15802001953125,79.03399658203125,0.6495770215988159,73.10009765625
2020-01-13,70.9530029296875,92.69654846191406,77.59390258789062,0.6372429728507996,71.72334289550781
2020-01-14,70.71890258789062,91.86450958251953,78.66500091552734,0.6422529816627502,72.7552719116211
2020-01-15,70.84510040283203,92.24871063232422,78.75800323486328,0.6443430185317993,73.18257904052734
2020-01-16,70.71800231933594,92.4770278930664,78.79399871826172,0.6430040001869202,73.3001480102539
2020-01-17,70.94560241699219,92.78772735595703,78.96499633789062,0.6433669924736023,73.47711944580078
2020-01-20,71.03469848632812,92.3843994140625,78.75,0.6446750164031982,73.35537719726562
2020-01-21,71.03099822998047,92.6430435180664,78.74299621582031,0.6441429853439331,73.28649139404297
2020-01-22,71.16999816894531,93.33389282226562,78.83000183105469,0.6469799876213074,73.38825988769531
2020-01-23,71.0781021118164,93.65823364257812,78.79000091552734,0.6471350193023682,73.39851379394531
2020-01-24,71.32099914550781,93.58045196533203,78.85299682617188,0.6510879993438721,73.5586166381836
2020-01-27,71.32499694824219,93.25919342041016,78.5719985961914,0.6522290110588074,73.38719940185547
2020-01-28,71.44000244140625,93.3012466430664,78.65399932861328,0.6551799774169922,73.58783721923828
2020-01-29,71.23040008544922,92.7841567993164,78.44400024414062,0.6520730257034302,73.14228057861328
2020-01-30,71.30000305175781,92.8345718383789,78.47799682617188,0.6536970138549805,73.19944763183594
2020-01-31,71.63999938964844,93.75859069824219,78.85099792480469,0.6566290259361267,73.73731994628906
2020-02-03,71.49649810791016,94.41632080078125,79.30400085449219,0.6595219969749451,74.16398620605469
2020-02-04,71.31410217285156,92.69911193847656,78.81600189208984,0.6559180021286011,73.77229309082031
2020-02-05,71.0999984741211,92.66541290283203,78.45700073242188,0.6490079760551453,73.2835464477539
2020-02-06,71.18000030517578,92.5242691040039,78.2229995727539,0.6476979851722717,73.05317687988281
2020-02-07,71.47000122070312,92.39161682128906,78.12799835205078,0.6469159722328186,72.99601745605469
2020-02-10,71.5155029296875,92.13284301757812,78.1989974975586,0.6507949829101562,73.06562042236328
2020-02-11,71.27999877929688,92.08486938476562,77.6969985961914,0.6487269997596741,72.8560791015625
2020-02-12,71.27529907226562,92.34970092773438,77.75299835205078,0.6482120156288147,72.96983337402344
2020-02-13,71.29620361328125,92.36903381347656,77.46600341796875,0.6484220027923584,72.85328674316406
2020-02-14,71.26850128173828,93.04598999023438,77.25599670410156,0.6492350101470947,72.7872314453125
2020-02-17,71.51480102539062,93.31385040283203,77.38300323486328,0.650967001914978,72.76830291748047
2020-02-18,71.34919738769531,92.7883529663086,77.22799682617188,0.6488190293312073,72.66158294677734
2020-02-19,71.57499694824219,93.09642028808594,77.19599914550781,0.6505669951438904,72.7269287109375
2020-02-20,71.82749938964844,92.77655792236328,77.31600189208984,0.6430649757385254,72.70983123779297
2020-02-21,72.11000061035156,92.90071868896484,77.24800109863281,0.639494001865387,72.78278350830078
2020-02-24,71.88680267333984,93.14275360107422,77.87000274658203,0.6435340046882629,73.37258911132812
2020-02-25,72.04669952392578,93.35350036621094,77.97599792480469,0.6482970118522644,73.33521270751953
2020-02-26,71.87000274658203,93.45571899414062,78.12100219726562,0.6511240005493164,73.57158660888672
2020-02-27,71.66339874267578,92.83364868164062,77.822998046875,0.6479880213737488,73.24992370605469
2020-02-28,71.93000030517578,92.71240997314453,78.7229995727539,0.6526690125465393,73.86837005615234
2020-03-02,72.1500015258789,92.46443939208984,79.927001953125,0.6703529953956604,75.0528335571289
2020-03-03,72.82499694824219,92.97798156738281,81.13200378417969,0.6711059808731079,75.97660827636719
2020-03-04,73.34200286865234,94.65440368652344,81.56400299072266,0.6817539930343628,76.35755920410156
2020-03-05,74.0425033569336,95.29708862304688,81.83300018310547,0.6822969913482666,76.79884338378906
2020-03-06,73.8551025390625,96.3066635131836,82.41999816894531,0.6911680102348328,77.63642883300781
2020-03-09,73.99530029296875,96.5783462524414,83.46800231933594,0.701479971408844,78.86299896240234
2020-03-10,74.40599822998047,98.27409362792969,84.48100280761719,0.7187089920043945,79.83802032470703
2020-03-11,74.20500183105469,95.77098083496094,83.83499908447266,0.7052540183067322,79.07433319091797
2020-03-12,74.76000213623047,95.81729125976562,82.89700317382812,0.704122006893158,78.38700103759766
2020-03-13,75.30000305175781,94.69513702392578,83.31500244140625,0.7121729850769043,78.86205291748047
2020-03-16,73.90399932861328,90.69084930419922,81.91000366210938,0.6832619905471802,77.55951690673828
2020-03-17,75.15499877929688,92.19493103027344,82.50700378417969,0.696287989616394,78.00347137451172
2020-03-18,74.01239776611328,90.42073059082031,81.5,0.6889320015907288,77.09480285644531
2020-03-19,74.98200225830078,87.15998840332031,81.63400268554688,0.6872680187225342,77.03791809082031
2020-03-20,75.15969848632812,87.64399719238281,79.62000274658203,0.6711770296096802,75.5544204711914
2020-03-23,75.62210083007812,88.06366729736328,80.59600067138672,0.6802250146865845,76.40631866455078
2020-03-24,76.50599670410156,90.10575103759766,82.08399963378906,0.6880850195884705,77.66266632080078
2020-03-25,77.26000213623047,91.0848617553711,82.42400360107422,0.6866289973258972,77.84661865234375
2020-03-26,75.84549713134766,90.40142059326172,83.08499908447266,0.6882429718971252,78.15608978271484
2020-03-27,74.72560119628906,92.8502197265625,82.66200256347656,0.6857159733772278,77.79403686523438
2020-03-30,75.46499633789062,93.98792266845703,84.01100158691406,0.6987820267677307,79.30429077148438
2020-03-31,75.4000015258789,93.50554656982422,83.09700012207031,0.6972860097885132,78.47965240478516
2020-04-01,75.32499694824219,93.51217651367188,82.98400115966797,0.7000330090522766,78.26280212402344
2020-04-02,77.56999969482422,96.02691650390625,83.60900115966797,0.7115479707717896,79.0008773803711
2020-04-03,77.13999938964844,95.5530776977539,82.78299713134766,0.7066739797592163,78.32660675048828
2020-04-06,76.2300033569336,93.16053009033203,82.27100372314453,0.7023670077323914,77.995361328125
2020-04-07,75.96489715576172,92.92616271972656,81.98100280761719,0.6955180168151855,77.60302734375
2020-04-08,76.66000366210938,93.5110092163086,82.33499908447266,0.6955230236053467,77.9683837890625
2020-04-09,75.95899963378906,95.24346923828125,82.40399932861328,0.6965270042419434,78.06143951416016
2020-04-10,76.6500015258789,95.47952270507812,83.30799865722656,0.70278400182724,78.84619140625
2020-04-13,76.16649627685547,94.95791625976562,83.3010025024414,0.7025229930877686,78.83724212646484
2020-04-14,76.91000366210938,95.49852752685547,81.82260131835938,0.6926630139350891,77.48976135253906
2020-04-15,75.93099975585938,96.39569091796875,83.4229965209961,0.7090989947319031,79.10543060302734
2020-04-16,77.2125015258789,96.06950378417969,83.4010009765625,0.710739016532898,79.24687957763672
2020-04-17,77.56999969482422,96.83943176269531,83.3280029296875,0.7109590172767639,79.1775131225586
2020-04-20,76.55999755859375,95.6288833618164,83.15399932861328,0.7113080024719238,79.07514190673828
2020-04-21,77.20999908447266,96.04528045654297,83.15299987792969,0.7108070254325867,79.06494903564453
2020-04-22,76.96939849853516,95.53939819335938,83.48400115966797,0.7139660120010376,79.29598236083984
2020-04-23,76.4000015258789,94.29071807861328,82.49299621582031,0.7080339789390564,78.44895935058594
2020-04-24,76.42250061035156,94.42179107666016,81.68900299072266,0.7042760252952576,77.648193359375
2020-04-27,76.27149963378906,94.34783935546875,82.46800231933594,0.7090820074081421,78.30570983886719
2020-04-28,76.1863021850586,95.199951171875,82.44599914550781,0.7100070118904114,78.05538177490234
2020-04-29,76.46499633789062,95.07733917236328,82.33799743652344,0.7120569944381714,78.05660247802734
2020-04-30,75.25849914550781,93.88648223876953,81.98899841308594,0.7069879770278931,77.39228820800781
2020-05-01,75.72000122070312,94.84490203857422,82.15799713134766,0.6998980045318604,77.62605285644531
2020-05-04,75.60050201416016,94.78648376464844,82.1520004272461,0.7000259757041931,77.70865631103516
2020-05-05,75.8499984741211,94.56500244140625,82.4020004272461,0.7082430124282837,78.26083374023438
2020-05-06,76.16999816894531,94.51815032958984,81.9749984741211,0.710561990737915,77.76371002197266
2020-05-07,76.15129852294922,94.37801361083984,82.09300231933594,0.7158880233764648,77.9466323852539
2020-05-08,76.08000183105469,94.1368637084961,82.05000305175781,0.7118690013885498,77.817138671875
2020-05-11,75.5250015258789,93.6963119506836,81.79199981689453,0.7080150246620178,77.7349624633789
2020-05-12,76.30999755859375,94.0925521850586,81.9520034790039,0.7048270106315613,77.92669677734375
2020-05-13,75.68000030517578,92.7564697265625,81.33599853515625,0.699874997138977,77.31925964355469
2020-05-14,75.42620086669922,92.21514129638672,81.47599792480469,0.7040910124778748,77.46302795410156
2020-05-15,75.48500061035156,92.33663940429688,81.50399780273438,0.7024840116500854,77.49553680419922
2020-05-18,75.81999969482422,91.65760803222656,81.94300079345703,0.7073379755020142,77.92487335205078
2020-05-19,75.60009765625,92.21832275390625,82.44499969482422,0.7034559845924377,77.72734069824219
2020-05-20,76.0,92.79007720947266,82.64800262451172,0.7014020085334778,77.87796783447266
2020-05-21,75.77999877929688,92.40399169921875,82.87100219726562,0.7014380097389221,78.21338653564453
2020-05-22,75.625,92.43778991699219,82.74400329589844,0.7019039988517761,77.84850311279297
2020-05-25,75.98500061035156,92.59744262695312,82.72799682617188,0.7050269842147827,78.10868072509766
2020-05-26,76.11000061035156,92.54006958007812,82.63300323486328,0.7039219737052917,78.01821899414062
2020-05-27,75.81999969482422,93.51258087158203,82.75499725341797,0.7010459899902344,78.07112121582031
2020-05-28,76.12999725341797,93.18173217773438,83.56099700927734,0.7035980224609375,78.33966064453125
2020-05-29,75.95999908447266,93.28523254394531,83.79199981689453,0.702584981918335,78.44039916992188
2020-06-01,75.51319885253906,93.22560119628906,83.87799835205078,0.7003970146179199,78.53669738769531
2020-06-02,75.7300033569336,94.566162109375,83.927001953125,0.701466977596283,78.4852294921875
2020-06-03,75.06580352783203,94.70101928710938,83.927001953125,0.68955397605896,78.01719665527344
2020-06-04,75.54499816894531,94.99217224121094,84.57099914550781,0.6905699968338013,78.28111267089844
2020-06-05,75.49089813232422,95.39000701904297,85.44599914550781,0.690517008304596,78.87930297851562
2020-06-08,75.5177001953125,96.02046966552734,85.25199890136719,0.6886280179023743,78.43222045898438
2020-06-09,75.625,96.03441619873047,85.16400146484375,0.6948760151863098,78.67017364501953
2020-06-10,75.50980377197266,95.98857879638672,85.48200225830078,0.6996369957923889,79.30531311035156
2020-06-11,75.875,96.42841339111328,85.927001953125,0.7067180275917053,80.10945129394531
2020-06-12,76.38999938964844,96.08650970458984,85.68099975585938,0.710627019405365,80.39012145996094
2020-06-15,75.95680236816406,94.95075225830078,85.52899932861328,0.7075210213661194,79.7668228149414
2020-06-16,75.97799682617188,96.1312484741211,86.05699920654297,0.7062479853630066,79.97007751464844
2020-06-17,76.65499877929688,96.09803009033203,85.84700012207031,0.709434986114502,80.10730743408203
2020-06-18,76.55000305175781,96.08384704589844,85.68099975585938,0.7129570245742798,80.32605743408203
2020-06-19,76.40039825439453,94.96012878417969,85.5530014038086,0.7132390141487122,80.19966888427734
2020-06-22,76.2520980834961,94.08380126953125,85.15399932861328,0.7131990194320679,79.99774932861328
2020-06-23,75.78980255126953,94.97132110595703,85.40399932861328,0.7082560062408447,79.97003936767578
2020-06-24,75.60780334472656,94.95906066894531,85.32499694824219,0.7083849906921387,79.8511962890625
2020-06-25,75.97000122070312,94.31057739257812,85.0469970703125,0.7061970233917236,79.72196960449219
2020-06-26,75.53980255126953,93.85965728759766,84.66500091552734,0.704230010509491,79.57759857177734
2020-06-29,75.61979675292969,93.2823486328125,84.75800323486328,0.7048479914665222,79.69161224365234
2020-06-30,75.69999694824219,93.18743133544922,84.85399627685547,0.7012550234794617,79.31391906738281
2020-07-01,75.75,93.84484100341797,84.78399658203125,0.6987879872322083,79.69544982910156
2020-07-02,75.45490264892578,94.10012817382812,84.82499694824219,0.7020679712295532,79.69705200195312
2020-07-03,74.72100067138672,93.36849975585938,83.9229965209961,0.6946960091590881,78.97274780273438
2020-07-06,74.6792984008789,93.14768981933594,83.84200286865234,0.6934930086135864,78.87348175048828
2020-07-07,74.60759735107422,93.2174301147461,84.35099792480469,0.6944180130958557,79.16454315185547
2020-07-08,75.125,94.04045104980469,84.27200317382812,0.6946830153465271,79.2886962890625
2020-07-09,74.93990325927734,94.52448272705078,84.9000015258789,0.6977840065956116,79.78813171386719
2020-07-10,75.33999633789062,94.99469757080078,84.75900268554688,0.7001379728317261,79.84645080566406
2020-07-13,75.15850067138672,94.90705108642578,83.81790161132812,0.6937130093574524,78.8095474243164
2020-07-14,75.44999694824219,94.7616195678711,85.25599670410156,0.7004500031471252,79.78550720214844
2020-07-15,75.57499694824219,94.91000366210938,85.95899963378906,0.702476978302002,80.18936920166016
2020-07-16,75.1249008178711,94.89579010009766,85.68699645996094,0.702006995677948,79.50544738769531
2020-07-17,75.17449951171875,94.70948028564453,85.5459976196289,0.7001780271530151,79.44096374511719
2020-07-20,74.89730072021484,94.13288116455078,85.54199981689453,0.6990669965744019,79.71791076660156
2020-07-21,74.98999786376953,94.65045928955078,85.56099700927734,0.696619987487793,79.5509262084961
2020-07-22,74.7699966430664,95.17990112304688,85.89399719238281,0.6969649791717529,79.85868072509766
2020-07-23,74.81999969482422,95.24112701416016,86.2040023803711,0.6955180168151855,80.1729736328125
2020-07-24,74.80729675292969,95.54431915283203,86.66799926757812,0.6995700001716614,80.77129364013672
2020-07-27,74.75980377197266,95.60186004638672,87.05799865722656,0.7036839723587036,81.1483383178711
2020-07-28,75.0,96.37322235107422,87.9520034790039,0.7100629806518555,81.2722396850586
2020-07-29,75.08999633789062,97.0468521118164,87.7020034790039,0.7120980024337769,81.5339584350586
2020-07-30,74.8311996459961,97.40959930419922,88.23500061035156,0.7129780054092407,82.06427764892578
2020-07-31,74.98999786376953,98.30821990966797,88.81300354003906,0.714631974697113,82.32763671875
2020-08-03,74.91780090332031,98.1112289428711,88.26000213623047,0.7070329785346985,81.9677505493164
2020-08-04,75.33000183105469,98.29234313964844,88.33799743652344,0.7083699703216553,81.85621643066406
2020-08-05,75.25,98.47543334960938,88.6050033569336,0.7100610136985779,82.17825317382812
2020-08-06,74.8822021484375,98.58100891113281,88.72699737548828,0.70797199010849,82.3005599975586
2020-08-07,74.8998031616211,98.68115234375,88.85299682617188,0.7086129784584045,82.21420288085938
2020-08-10,75.0248031616211,97.91165161132812,88.33000183105469,0.7011550068855286,81.38585662841797
2020-08-11,75.0999984741211,97.9107666015625,87.80500030517578,0.7057710289955139,81.7132797241211
2020-08-12,74.9000015258789,97.78706359863281,87.49400329589844,0.6998929977416992,81.2650375366211
2020-08-13,74.77210235595703,97.55130767822266,88.14399719238281,0.699517011642456,81.94747161865234
2020-08-14,75.02999877929688,98.06304931640625,88.32599639892578,0.6986269950866699,82.16677856445312
2020-08-17,74.90280151367188,98.13086700439453,88.61299896240234,0.7021099925041199,82.32185363769531
2020-08-18,75.0,98.28717803955078,88.68000030517578,0.7044669985771179,82.37539672851562
2020-08-19,74.79499816894531,99.1279296875,89.02200317382812,0.7079280018806458,82.53858947753906
2020-08-20,74.966796875,98.57180786132812,88.56700134277344,0.7049319744110107,81.74681854248047
2020-08-21,74.9999008178711,99.38783264160156,88.95700073242188,0.7093290090560913,82.63155364990234
2020-08-24,74.92179870605469,98.14804077148438,88.2979965209961,0.7074329853057861,82.1193618774414
2020-08-25,74.4000015258789,97.26026153564453,87.39900207519531,0.6991050243377686,81.26094818115234
2020-08-26,74.45249938964844,97.94705963134766,87.76699829101562,0.6970919966697693,81.67069244384766
2020-08-27,74.24009704589844,98.40425872802734,87.80400085449219,0.7004989981651306,81.71141052246094
2020-08-28,73.77449798583984,97.38627624511719,87.27799987792969,0.6922969818115234,81.19377136230469
2020-08-31,73.12830352783203,97.62676239013672,86.97100067138672,0.6931939721107483,80.79340362548828
2020-09-01,73.66999816894531,98.46542358398438,87.3740005493164,0.6904439926147461,80.96556854248047
2020-09-02,73.2699966430664,98.17768096923828,86.96199798583984,0.6887480020523071,80.18995666503906
2020-09-03,73.24849700927734,98.09607696533203,86.73600006103516,0.6891670227050781,80.32530212402344
2020-09-04,73.4478988647461,97.72882843017578,86.81099700927734,0.6911429762840271,80.56369018554688
2020-09-07,73.29029846191406,97.07646179199219,86.66699981689453,0.6893249750137329,80.16718292236328
2020-09-08,73.6500015258789,96.92703247070312,86.73100280761719,0.6902999877929688,80.07293701171875
2020-09-09,73.78679656982422,95.6919174194336,86.74199676513672,0.6956449747085571,80.29621887207031
2020-09-10,73.55000305175781,95.64556121826172,86.45500183105469,0.6894590258598328,80.28694915771484
2020-09-11,73.52729797363281,94.52413940429688,86.75599670410156,0.6912549734115601,80.59455108642578
2020-09-14,73.47859954833984,94.05741882324219,86.91400146484375,0.691091001033783,80.73245239257812
2020-09-15,73.61499786376953,94.5539779663086,87.00499725341797,0.6933220028877258,80.69841766357422
2020-09-16,73.80000305175781,94.80941772460938,87.0999984741211,0.6975759863853455,80.9363021850586
2020-09-17,73.55069732666016,95.62297821044922,86.73999786376953,0.6993190050125122,80.6913070678711
2020-09-18,73.58360290527344,95.49565124511719,87.13300323486328,0.7024310231208801,80.96546173095703
2020-09-21,73.53479766845703,95.12848663330078,86.99800109863281,0.7024959921836853,80.6518325805664
2020-09-22,73.57980346679688,94.32305145263672,86.48699951171875,0.7022039890289307,80.31816101074219
2020-09-23,73.50299835205078,93.63802337646484,85.98100280761719,0.6991519927978516,79.82267761230469
2020-09-24,73.77839660644531,94.0824966430664,85.7030029296875,0.6981350183486938,79.55721282958984
2020-09-25,73.68240356445312,94.27777099609375,86.13700103759766,0.7003219723701477,79.72987365722656
2020-09-28,73.69930267333984,94.03119659423828,85.62999725341797,0.6972209811210632,79.26869201660156
2020-09-29,73.9749984741211,95.04370880126953,86.06999969482422,0.6989099979400635,79.77532958984375
2020-09-30,73.84500122070312,94.99826049804688,86.5250015258789,0.6973890066146851,80.14653778076172
2020-10-01,73.70500183105469,95.21134185791016,86.16999816894531,0.6970019936561584,79.80551147460938
2020-10-02,73.21700286865234,94.60852813720703,85.93599700927734,0.6931989789009094,79.61421203613281
2020-10-05,73.32240295410156,94.79730987548828,85.78900146484375,0.6952069997787476,79.54103088378906
2020-10-06,73.1082992553711,95.20036315917969,86.09300231933594,0.690796971321106,79.80811309814453
2020-10-07,73.81500244140625,95.08075714111328,86.11299896240234,0.6944509744644165,79.96006774902344
2020-10-08,73.5425033569336,95.00141906738281,86.20600128173828,0.6914740204811096,79.89064025878906
2020-10-09,73.28050231933594,95.05097961425781,86.15499877929688,0.6907650232315063,79.86004638671875
2020-10-12,73.01480102539062,95.15188598632812,86.30899810791016,0.6903600096702576,80.1594467163086
2020-10-13,73.35079956054688,95.83329010009766,86.56600189208984,0.6956170201301575,80.60411834716797
2020-10-14,73.62000274658203,94.9602279663086,86.12200164794922,0.6954299807548523,80.13361358642578
2020-10-15,73.29620361328125,95.36988830566406,85.99400329589844,0.6964060068130493,80.15473175048828
2020-10-16,73.37100219726562,94.92290496826172,85.88700103759766,0.6963459849357605,80.21499633789062
2020-10-19,73.44380187988281,94.91583251953125,85.98100280761719,0.6960980296134949,80.22389221191406
2020-10-20,73.57499694824219,95.25733947753906,86.25,0.694927990436554,80.47586059570312
2020-10-21,73.64749908447266,95.19983673095703,86.80799865722656,0.6956520080566406,80.9217529296875
2020-10-22,73.6812973022461,96.97348022460938,87.16200256347656,0.7025030255317688,81.17532348632812
2020-10-23,73.72000122070312,96.52606201171875,86.95700073242188,0.7014780044555664,81.08899688720703
2020-10-26,73.8228988647461,96.32917022705078,87.49700164794922,0.7045130133628845,81.58500671386719
2020-10-27,73.94850158691406,96.50370025634766,87.26799774169922,0.7049170136451721,81.37976837158203
2020-10-28,73.80500030517578,95.92559814453125,86.66300201416016,0.7035880088806152,80.92161560058594
2020-10-29,74.44000244140625,96.67747497558594,87.12899780273438,0.7108510136604309,81.42554473876953
2020-10-30,74.26399993896484,96.01344299316406,86.78800201416016,0.7107539772987366,81.18995666503906
2020-11-02,74.55049896240234,96.54237365722656,86.75900268554688,0.7120100259780884,81.25749206542969
2020-11-03,74.45680236816406,96.25418853759766,86.65699768066406,0.7108219861984253,81.00677490234375
2020-11-04,74.65560150146484,98.20257568359375,87.68699645996094,0.7131630182266235,81.87776947021484
2020-11-05,74.37999725341797,96.66561126708984,87.16899871826172,0.7114089727401733,81.49796295166016
2020-11-06,74.12000274658203,97.350830078125,87.26599884033203,0.7127619981765747,81.65583801269531
2020-11-09,73.97979736328125,97.30620574951172,87.76300048828125,0.7152029871940613,82.09639739990234
2020-11-10,73.95320129394531,97.6332778930664,87.47000122070312,0.7035539746284485,81.05453491210938
2020-11-11,74.28160095214844,98.74600982666016,87.72699737548828,0.7052010297775269,81.12279510498047
2020-11-12,74.56999969482422,98.59322357177734,87.63300323486328,0.705793023109436,81.15481567382812
2020-11-13,74.86499786376953,98.2300033569336,88.08200073242188,0.7099890112876892,81.56231689453125
2020-11-16,74.48770141601562,98.31790924072266,88.18399810791016,0.7122529745101929,81.60273742675781
2020-11-17,74.41809844970703,98.2646484375,88.0770034790039,0.71042799949646,81.41411590576172
2020-11-18,74.47969818115234,98.76018524169922,88.27200317382812,0.7142149806022644,81.6460189819336
2020-11-19,74.41999816894531,98.75068664550781,87.73699951171875,0.7127839922904968,81.20901489257812
2020-11-20,74.09960174560547,98.45402526855469,87.86299896240234,0.7131739854812622,81.28125
2020-11-23,74.16239929199219,98.54486083984375,87.78900146484375,0.7128620147705078,81.24849700927734
2020-11-24,74.24490356445312,98.99546813964844,87.84700012207031,0.7095909714698792,81.28600311279297
2020-11-25,73.96080017089844,98.95860290527344,88.052001953125,0.7080900073051453,81.2448959350586
2020-11-26,73.77989959716797,99.04402923583984,87.85700225830078,0.7060559988021851,81.15940856933594
2020-11-27,74.04879760742188,98.90514373779297,87.87000274658203,0.7075920104980469,81.37152099609375
2020-11-30,73.94090270996094,98.42152404785156,88.36699676513672,0.7095299959182739,81.6407241821289
2020-12-01,74.02519989013672,98.85107421875,88.25800323486328,0.708823025226593,81.39441680908203
2020-12-02,73.65499877929688,98.60310363769531,88.6449966430664,0.7039819955825806,81.63500213623047
2020-12-03,73.66259765625,98.46953582763672,89.28900146484375,0.7055829763412476,82.39653015136719
2020-12-04,73.86489868164062,99.3617172241211,89.63999938964844,0.7108280062675476,82.85041046142578
2020-12-07,73.79029846191406,99.15974426269531,89.3499984741211,0.7076879739761353,82.69551849365234
2020-12-08,74.0199966430664,98.60506439208984,89.3219985961914,0.7090370059013367,82.79486846923828
2020-12-09,73.72640228271484,98.91751098632812,89.19000244140625,0.70728999376297,82.88147735595703
2020-12-10,73.93499755859375,98.54348754882812,88.99299621582031,0.7065960168838501,82.83157348632812
2020-12-11,73.72669982910156,98.06289672851562,89.4489974975586,0.7069870233535767,83.14418029785156
2020-12-14,73.73799896240234,97.53631591796875,89.25399780273438,0.7079650163650513,82.74362182617188
2020-12-15,73.86000061035156,98.14888000488281,89.38899993896484,0.7073869705200195,82.9634780883789
2020-12-16,73.75980377197266,99.16627502441406,89.31900024414062,0.7090499997138977,82.97551727294922
2020-12-17,73.6166000366211,99.65167236328125,89.73100280761719,0.7109799981117249,83.09156799316406
2020-12-18,73.52980041503906,99.77515411376953,90.08899688720703,0.7122650146484375,83.0307846069336
2020-12-21,73.60359954833984,99.61658477783203,90.10099792480469,0.711417019367218,83.24571228027344
2020-12-22,73.935302734375,99.82881927490234,90.51200103759766,0.7158809900283813,83.53205871582031
2020-12-23,74.2699966430664,99.10635375976562,89.9219970703125,0.7128459811210632,83.1033706665039
2020-12-24,73.83979797363281,99.67912292480469,89.93099975585938,0.7122849822044373,83.07752227783203
2020-12-25,73.55780029296875,99.80028533935547,89.55500030517578,0.709168016910553,82.43428802490234
2020-12-28,73.68900299072266,99.91868591308594,89.53900146484375,0.709892988204956,82.44187927246094
2020-12-29,73.5448989868164,98.97925567626953,89.79199981689453,0.7085999846458435,82.7156753540039
2020-12-30,73.45359802246094,99.4356918334961,89.85600280761719,0.7083079814910889,82.9438705444336
2020-12-31,73.13400268554688,99.96320343017578,89.9540023803711,0.7089869976043701,82.94579315185547
2021-01-01,73.08920288085938,100.0508041381836,89.15799713134766,0.7068589925765991,82.32811737060547
2021-01-04,73.09200286865234,99.94305419921875,89.14900207519531,0.7064939737319946,82.6601791381836
2021-01-05,73.31999969482422,99.47137451171875,89.4540023803711,0.7080889940261841,82.85270690917969
2021-01-06,73.37480163574219,99.66126251220703,89.87000274658203,0.7115910053253174,83.19563293457031
2021-01-07,73.36000061035156,99.67353820800781,90.16300201416016,0.7092130184173584,83.21035766601562
2021-01-08,73.44599914550781,99.66820526123047,90.04900360107422,0.7070850133895874,82.90697479248047
2021-01-11,73.37339782714844,99.47795104980469,89.53299713134766,0.7045890092849731,82.72949981689453
2021-01-12,73.51349639892578,100.22803497314453,89.26799774169922,0.7049070000648499,82.51421356201172
2021-01-13,73.16500091552734,100.3976058959961,89.31300354003906,0.7050899863243103,82.55390167236328
2021-01-14,73.1698989868164,99.79341888427734,88.90599822998047,0.7040159702301025,82.38520812988281
2021-01-15,73.08760070800781,100.00355529785156,88.72599792480469,0.7033230066299438,82.20792388916016
2021-01-18,73.15899658203125,99.35186004638672,88.26000213623047,0.7033429741859436,82.02313995361328
2021-01-19,73.1886978149414,99.38972473144531,88.31300354003906,0.7050660252571106,82.07413482666016
2021-01-20,73.19190216064453,99.80146789550781,88.76100158691406,0.7038099765777588,82.33973693847656
2021-01-21,72.91089630126953,99.57405090332031,88.25700378417969,0.7034639716148376,81.91474914550781
2021-01-22,72.95490264892578,100.17920684814453,88.68099975585938,0.7041950225830078,82.32891082763672
2021-01-25,72.99590301513672,99.90815734863281,88.7509994506836,0.7025319933891296,82.34999084472656
2021-01-26,72.97000122070312,99.7757568359375,88.53800201416016,0.702646017074585,82.09745788574219
2021-01-27,72.91999816894531,100.1966323852539,88.60900115966797,0.7030789852142334,82.17090606689453
2021-01-28,73.03710174560547,99.82307434082031,88.30799865722656,0.7005820274353027,82.05118560791016
2021-01-29,72.93879699707031,100.12010955810547,88.32099914550781,0.6988530158996582,82.00269317626953
2021-02-01,72.90660095214844,99.96375274658203,88.40399932861328,0.695684015750885,81.7751235961914
2021-02-02,73.11979675292969,99.99152374267578,88.16500091552734,0.696537971496582,81.48524475097656
2021-02-03,72.91629791259766,99.64215850830078,87.68699645996094,0.6934630274772644,81.11280822753906
2021-02-04,72.85800170898438,99.4383773803711,87.63700103759766,0.6932259798049927,81.0215835571289
2021-02-05,72.9457015991211,99.69571685791016,87.21800231933594,0.6904360055923462,80.61893463134766
2021-02-08,72.78479766845703,99.98698425292969,87.6510009765625,0.6900690197944641,80.88773345947266
2021-02-09,72.92990112304688,100.21604919433594,87.81199645996094,0.6924939751625061,81.07357025146484
2021-02-10,72.85489654541016,100.6653823852539,88.19499969482422,0.6959810256958008,81.54764556884766
2021-02-11,72.80729675292969,100.6980209350586,88.15499877929688,0.6952450275421143,81.70405578613281
2021-02-12,72.70950317382812,100.41777801513672,88.11100006103516,0.6935219764709473,81.61241149902344
2021-02-15,72.59480285644531,100.69185638427734,87.8949966430664,0.6913490295410156,81.31446075439453
2021-02-16,72.63870239257812,101.02244567871094,88.03099822998047,0.6885679960250854,81.53660583496094
2021-02-17,72.93499755859375,101.35773468017578,88.03399658203125,0.6860960125923157,81.48504638671875
2021-02-18,72.79730224609375,100.93890380859375,87.59600067138672,0.6869120001792908,80.93018341064453
2021-02-19,72.60540008544922,101.41127014160156,87.71099853515625,0.6865140199661255,80.96653747558594
2021-02-22,72.5530014038086,101.61505889892578,87.8499984741211,0.6876779794692993,80.89859008789062
2021-02-23,72.44400024414062,101.94388580322266,88.06300354003906,0.6893929839134216,80.80286407470703
2021-02-24,72.37699890136719,102.09839630126953,87.88200378417969,0.686864972114563,79.90071868896484
2021-02-25,72.4000015258789,102.4159927368164,88.04299926757812,0.6828160285949707,79.80330657958984
2021-02-26,73.1509017944336,102.533203125,88.37899780273438,0.6832669973373413,80.25716400146484
2021-03-01,73.59590148925781,102.51224517822266,89.19300079345703,0.6934009790420532,81.3181381225586
2021-03-02,73.30940246582031,102.11151885986328,88.3550033569336,0.6863059997558594,80.14131927490234
2021-03-03,73.27749633789062,102.23403930664062,88.45800018310547,0.6856150031089783,79.97541046142578
2021-03-04,72.88069915771484,101.56163787841797,87.88899993896484,0.6812040209770203,79.26854705810547
2021-03-05,73.13179779052734,101.56208801269531,87.42400360107422,0.6768119931221008,78.61763763427734
2021-03-08,73.1333999633789,101.12712097167969,87.11499786376953,0.6750950217247009,78.60022735595703
2021-03-09,73.33000183105469,101.38616943359375,86.822998046875,0.6726030111312866,78.25733947753906
2021-03-10,72.7759017944336,101.06697082519531,86.51599884033203,0.6695430278778076,78.32843017578125
2021-03-11,72.70600128173828,101.29541015625,86.66100311279297,0.6700720191001892,78.15541076660156
2021-03-12,72.63899993896484,101.62052154541016,87.04399871826172,0.6691089868545532,78.55354309082031
2021-03-15,72.68299865722656,101.17473602294922,86.81400299072266,0.6661859750747681,78.15096282958984
2021-03-16,72.51529693603516,100.78760528564453,86.4010009765625,0.6638140082359314,78.09307098388672
2021-03-17,72.5156021118164,100.81090545654297,86.22000122070312,0.6643829941749573,78.31311798095703
2021-03-18,72.29560089111328,100.94866943359375,86.87300109863281,0.6658030152320862,78.61205291748047
2021-03-19,72.6688003540039,101.19241333007812,86.55999755859375,0.6667050123214722,78.3167724609375
2021-03-22,72.40499877929688,100.20274353027344,86.12000274658203,0.6652430295944214,77.91655731201172
2021-03-23,72.38050079345703,100.34005737304688,86.29100036621094,0.6647539734840393,78.31571960449219
2021-03-24,72.61219787597656,99.7708740234375,85.81800079345703,0.6679720282554626,77.55631256103516
2021-03-25,72.64559936523438,99.39749145507812,85.68399810791016,0.6667479872703552,77.4891357421875
2021-03-26,72.61280059814453,99.80891418457031,85.427001953125,0.6644269824028015,77.20819091796875
2021-03-29,72.44719696044922,99.91132354736328,85.56300354003906,0.6617010235786438,77.28307342529297
2021-03-30,72.74189758300781,100.1961441040039,85.52400207519531,0.6615309715270996,77.39325714111328
2021-03-31,73.44529724121094,100.86123657226562,86.02200317382812,0.665120005607605,77.90245819091797
2021-04-01,73.20349884033203,100.85063171386719,85.70099639892578,0.6598479747772217,77.4278335571289
2021-04-02,73.28730010986328,101.37301635742188,86.27899932861328,0.6624410152435303,77.76746368408203
2021-04-05,73.3759994506836,101.4370346069336,86.28299713134766,0.6625760197639465,77.8060302734375
2021-04-06,73.27950286865234,101.87461853027344,86.13899993896484,0.6630929708480835,77.78655242919922
2021-04-07,73.48999786376953,101.60661315917969,87.16799926757812,0.6686400175094604,78.87605285644531
2021-04-08,74.40149688720703,102.19465637207031,88.21700286865234,0.6763780117034912,79.95377349853516
2021-04-09,74.54450225830078,102.39584350585938,88.78500366210938,0.6815459728240967,80.61470031738281
2021-04-12,74.72949981689453,102.44355773925781,88.83899688720703,0.6807850003242493,80.74437713623047
2021-04-13,74.99099731445312,103.10125732421875,89.26000213623047,0.6849709749221802,81.23424530029297
2021-04-14,75.18150329589844,103.4405517578125,89.79499816894531,0.6897299885749817,81.62920379638672
2021-04-15,75.0261001586914,103.40185546875,89.86799621582031,0.6888149976730347,81.2659912109375
2021-04-16,74.72740173339844,102.99441528320312,89.36499786376953,0.6869940161705017,80.9767837524414
2021-04-19,74.56320190429688,103.105224609375,88.01830291748047,0.6846100091934204,80.93212890625
2021-04-20,74.8781967163086,104.75730895996094,90.06600189208984,0.691860020160675,81.74478912353516
2021-04-21,75.44920349121094,105.13675689697266,90.64700317382812,0.696806013584137,82.24198150634766
2021-04-22,75.42949676513672,105.07235717773438,90.71499633789062,0.697646975517273,82.20996856689453
2021-04-23,75.0916976928711,103.90999603271484,90.1729965209961,0.6950290203094482,81.82296752929688
2021-04-26,74.86810302734375,103.83718872070312,90.59200286865234,0.6938269734382629,81.94400787353516
2021-04-27,74.81490325927734,103.94336700439453,90.22200012207031,0.6902769804000854,81.6525650024414
2021-04-28,74.57499694824219,103.68714141845703,90.0979995727539,0.6852009892463684,81.52377319335938
2021-04-29,74.31179809570312,103.67484283447266,90.31700134277344,0.6858149766921997,81.88675689697266
2021-04-30,74.10579681396484,103.33145141601562,89.76300048828125,0.6799709796905518,81.45352172851562
2021-05-03,74.09480285644531,102.37411499023438,88.93499755859375,0.677157998085022,81.07330322265625
2021-05-04,73.8375015258789,102.66887664794922,88.93199920654297,0.6760450005531311,80.89507293701172
2021-05-05,73.77890014648438,102.4647216796875,88.5510025024414,0.6740580201148987,80.68061065673828
2021-05-06,73.79940032958984,102.6297836303711,88.53299713134766,0.6750169992446899,80.75827026367188
2021-05-07,73.61519622802734,102.29292297363281,88.7239990234375,0.6743180155754089,81.01612854003906
2021-05-10,73.29029846191406,102.8426513671875,89.0260009765625,0.6740559935569763,81.2540512084961
2021-05-11,73.5,103.78730010986328,89.15599822998047,0.6746810078620911,81.5464859008789
2021-05-12,73.3750991821289,103.78258514404297,89.06199645996094,0.674871027469635,81.14303588867188
2021-05-13,73.68160247802734,103.79959106445312,88.74700164794922,0.6700339913368225,80.83708953857422
2021-05-14,73.44490051269531,103.16930389404297,88.62000274658203,0.6699830293655396,80.99105072021484
2021-05-17,73.27890014648438,103.33644104003906,88.94300079345703,0.6696360111236572,81.16932678222656
2021-05-18,73.26969909667969,103.61566925048828,89.072998046875,0.6708589792251587,81.1202621459961
2021-05-19,73.1281967163086,103.74348449707031,89.29299926757812,0.6710479855537415,81.38632202148438
2021-05-20,73.222900390625,103.33231353759766,89.02899932861328,0.669435977935791,80.90567016601562
2021-05-21,73.02189636230469,103.62732696533203,89.19300079345703,0.6702079772949219,81.28035736083984
2021-05-24,72.90979766845703,103.12049865722656,88.62899780273438,0.6685609817504883,81.11898040771484
2021-05-25,72.83660125732422,103.10807800292969,88.88099670410156,0.6684539914131165,81.11985778808594
2021-05-26,72.80490112304688,102.97100830078125,89.08799743652344,0.6685429811477661,81.21732330322266
2021-05-27,72.67250061035156,102.70484161376953,88.58599853515625,0.6656100153923035,80.93186950683594
2021-05-28,72.68299865722656,103.22388458251953,88.54199981689453,0.6612970232963562,80.9378890991211
2021-05-31,72.39350128173828,102.69017791748047,88.21099853515625,0.658515989780426,80.39287567138672
2021-06-01,72.48719787597656,103.04041290283203,88.63500213623047,0.6616479754447937,80.64966583251953
2021-06-02,72.8550033569336,103.07939910888672,88.92400360107422,0.6648129820823669,81.15252685546875
2021-06-03,72.96510314941406,103.4088134765625,89.0009994506836,0.6651269793510437,81.1597900390625
2021-06-04,73.04419708251953,103.06045532226562,88.52400207519531,0.6618120074272156,80.77375793457031
2021-06-07,72.90969848632812,103.24159240722656,88.58100128173828,0.6646729707717896,80.95133972167969
2021-06-08,72.80940246582031,103.22537994384766,88.68699645996094,0.6657329797744751,81.03329467773438
2021-06-09,72.97530364990234,103.26252746582031,88.7249984741211,0.6658779978752136,81.26390838623047
2021-06-10,72.98529815673828,103.02971649169922,88.80500030517578,0.6651560068130493,81.39443969726562
2021-06-11,73.01229858398438,103.49130249023438,88.87999725341797,0.6674230098724365,81.59742736816406
2021-06-14,73.23159790039062,103.36949157714844,88.5989990234375,0.6671559810638428,81.50209045410156
2021-06-15,73.18080139160156,103.24895477294922,88.63500213623047,0.6644880175590515,81.29898834228516
2021-06-16,73.3447036743164,103.27422332763672,88.86599731445312,0.6656150221824646,81.55280303955078
2021-06-17,73.8240966796875,103.27851867675781,87.81700134277344,0.6609740257263184,80.56236267089844
2021-06-18,74.25389862060547,103.45298767089844,88.29499816894531,0.6717950105667114,80.7634048461914
2021-06-21,74.1438980102539,102.48301696777344,87.8550033569336,0.6716189980506897,80.2567367553711
2021-06-22,74.13520050048828,103.30258178710938,88.23600006103516,0.6711260080337524,80.63605499267578
2021-06-23,74.33219909667969,103.7049789428711,88.65799713134766,0.6711940169334412,80.85139465332031
2021-06-24,74.24690246582031,103.68289184570312,88.37699890136719,0.6673870086669922,80.67569732666016
2021-06-25,74.19029998779297,103.28498840332031,88.41000366210938,0.668254017829895,80.72571563720703
2021-06-28,74.21299743652344,103.0950927734375,88.50199890136719,0.6687949895858765,80.84220123291016
2021-06-29,74.285400390625,103.08982849121094,88.51899719238281,0.6709259748458862,80.69556427001953
2021-06-30,74.28759765625,102.73490142822266,88.34700012207031,0.6716409921646118,80.60546875
2021-07-01,74.37100219726562,102.85404205322266,88.0979995727539,0.6686069965362549,80.31909942626953
2021-07-02,74.54499816894531,102.60773468017578,88.23400115966797,0.6676070094108582,80.44345092773438
2021-07-05,74.48179626464844,103.01984405517578,88.33599853515625,0.67050701379776,80.8530502319336
2021-07-06,74.31780242919922,102.9822998046875,88.08300018310547,0.6694380044937134,80.50358581542969
2021-07-07,74.76290130615234,103.19609069824219,88.30400085449219,0.6753290295600891,80.75723266601562
2021-07-08,74.8218994140625,103.26177215576172,88.13200378417969,0.6754729747772217,80.72728729248047
2021-07-09,74.72139739990234,103.05265045166016,88.44599914550781,0.6798179745674133,81.6061782836914
2021-07-12,74.4905014038086,103.53173828125,88.37300109863281,0.6756089925765991,81.41600036621094
2021-07-13,74.54170227050781,103.5028305053711,88.36799621582031,0.6750169992446899,81.36759185791016
2021-07-14,74.65910339355469,103.11006164550781,87.83499908447266,0.6744160056114197,81.16804504394531
2021-07-15,74.46910095214844,103.21253204345703,88.04000091552734,0.676476001739502,81.33739471435547
2021-07-16,74.53700256347656,103.07618713378906,87.95600128173828,0.6783199906349182,81.12637329101562
2021-07-19,74.63179779052734,102.70243072509766,88.01200103759766,0.6771439909934998,81.07697296142578
2021-07-20,74.99340057373047,102.5101547241211,88.1989974975586,0.6826450228691101,81.40856170654297
2021-07-21,74.5270004272461,101.5628890991211,87.72000122070312,0.6774010062217712,80.82073974609375
2021-07-22,74.44020080566406,102.09721374511719,87.76399993896484,0.675055980682373,81.07903289794922
2021-07-23,74.4520034790039,102.55449676513672,87.56500244140625,0.6753090023994446,80.92322540283203
2021-07-26,74.44889831542969,102.43311309814453,87.54299926757812,0.6726059913635254,80.85246276855469
2021-07-27,74.28949737548828,102.66447448730469,87.6780014038086,0.6727859973907471,81.06153869628906
2021-07-28,74.5022964477539,103.42588806152344,87.98899841308594,0.6778290271759033,81.4072265625
2021-07-29,74.38999938964844,103.43547058105469,88.04000091552734,0.6763460040092468,81.68832397460938
2021-07-30,74.25199890136719,103.68038177490234,88.20600128173828,0.6780070066452026,81.8985824584961
2021-08-02,74.37909698486328,103.35905456542969,88.14399719238281,0.6773160099983215,82.05574035644531
2021-08-03,74.33200073242188,103.24950408935547,88.17500305175781,0.6796370148658752,82.03272247314453
2021-08-04,74.21440124511719,103.28299713134766,88.01200103759766,0.6802669763565063,82.02898406982422
2021-08-05,74.18399810791016,103.0487060546875,87.73500061035156,0.6766729950904846,81.73941040039062
2021-08-06,74.08200073242188,103.17355346679688,87.5780029296875,0.6742500066757202,81.61595153808594
2021-08-09,74.49140167236328,103.26593780517578,87.18699645996094,0.667248010635376,80.38539123535156
2021-08-10,74.46620178222656,103.11399841308594,87.34300231933594,0.6746270060539246,80.8095474243164
2021-08-11,74.43550109863281,102.99412536621094,87.15799713134766,0.6725519895553589,80.57018280029297
2021-08-12,74.10299682617188,102.77345275878906,86.9280014038086,0.670723021030426,80.32711791992188
2021-08-13,74.26010131835938,102.55548858642578,87.14399719238281,0.6725890040397644,80.43529510498047
2021-08-16,74.216796875,102.90523529052734,87.49299621582031,0.6765199899673462,81.01319885253906
2021-08-17,74.13500213623047,102.62664794921875,87.23300170898438,0.6776300072669983,81.15074920654297
2021-08-18,74.364501953125,102.17438507080078,87.00599670410156,0.6782799959182739,81.21041870117188
2021-08-19,74.2697982788086,102.1621322631836,86.83499908447266,0.675482988357544,80.8643798828125
2021-08-20,74.4292984008789,101.46438598632812,86.76899719238281,0.6768860220909119,80.86634826660156
2021-08-23,74.30149841308594,101.27547454833984,86.88999938964844,0.6764240264892578,80.98988342285156
2021-08-24,74.10590362548828,101.71147155761719,86.98799896240234,0.6753259897232056,81.16455841064453
2021-08-25,74.1447982788086,101.7991714477539,87.06300354003906,0.6750800013542175,81.11673736572266
2021-08-26,74.0999984741211,101.99178314208984,87.14700317382812,0.6731269955635071,81.02062225341797
2021-08-27,74.15599822998047,101.60929870605469,87.08599853515625,0.6731489896774292,80.70580291748047
2021-08-30,73.49659729003906,101.1569595336914,86.59200286865234,0.6682279706001282,80.55449676513672
2021-08-31,73.41120147705078,100.9464340209961,86.38999938964844,0.6660580039024353,79.83956146240234
2021-09-01,72.99669647216797,100.41339874267578,86.12699890136719,0.6625660061836243,79.67713928222656
2021-09-02,72.98509979248047,100.50582122802734,86.35399627685547,0.6624270081520081,79.6517105102539
2021-09-03,73.0542984008789,101.08409881591797,86.66100311279297,0.6638219952583313,79.81524658203125
2021-09-06,72.99449920654297,101.18607330322266,86.63400268554688,0.6651470065116882,79.81028747558594
2021-09-07,73.11000061035156,101.17323303222656,86.68599700927734,0.6647670269012451,79.79601287841797
2021-09-08,73.3904037475586,101.14330291748047,86.83899688720703,0.6647099852561951,79.7474594116211
2021-09-09,73.78900146484375,101.64842224121094,87.13600158691406,0.6688359975814819,79.97430419921875
2021-09-10,73.53800201416016,101.74552154541016,86.87699890136719,0.6692630052566528,80.16368865966797
2021-09-13,73.52429962158203,101.75880432128906,86.74500274658203,0.6685050129890442,80.03781127929688
2021-09-14,73.54080200195312,101.7701187133789,86.77300262451172,0.667959988117218,79.65738677978516
2021-09-15,73.65080261230469,101.71357727050781,86.84700012207031,0.6706690192222595,79.97071838378906
2021-09-16,73.43800354003906,101.67435455322266,86.7249984741211,0.6708829998970032,79.7874755859375
2021-09-17,73.56490325927734,101.46664428710938,86.47699737548828,0.6700289845466614,79.25054168701172
2021-09-20,73.69609832763672,101.16767883300781,86.26699829101562,0.6690120100975037,78.93152618408203
2021-09-21,73.65899658203125,100.61487579345703,86.3010025024414,0.6724119782447815,79.32259368896484
2021-09-22,73.7927017211914,100.78994750976562,86.37100219726562,0.6749820113182068,79.77040100097656
2021-09-23,73.8749008178711,100.625,86.26100158691406,0.6720119714736938,79.66549682617188
2021-09-24,73.83999633789062,101.34740447998047,86.61199951171875,0.6686769723892212,79.77930450439453
2021-09-27,73.81289672851562,100.85589599609375,86.43000030517578,0.6658549904823303,79.75080108642578
2021-09-28,73.82530212402344,101.1051025390625,86.26200103759766,0.6646400094032288,79.67266845703125
2021-09-29,74.16329956054688,100.43901062011719,86.62999725341797,0.664654016494751,79.77346801757812
2021-09-30,74.3219985961914,99.79877471923828,86.14800262451172,0.6633710265159607,79.47235107421875
2021-10-01,74.25440216064453,100.27861785888672,85.76399993896484,0.6647469997406006,79.45157623291016
2021-10-04,74.152099609375,100.64347839355469,85.88700103759766,0.6670600175857544,79.61077117919922
2021-10-05,74.57279968261719,101.48522186279297,86.55400085449219,0.6714800000190735,80.5275650024414
2021-10-06,74.56320190429688,101.60160064697266,86.38200378417969,0.668179988861084,80.2322006225586
2021-10-07,74.76000213623047,101.56668853759766,86.31400299072266,0.6703969836235046,80.49801635742188
2021-10-08,74.83000183105469,101.91596984863281,86.41999816894531,0.669530987739563,80.51240539550781
2021-10-11,75.30580139160156,102.54267120361328,86.83799743652344,0.6684809923171997,80.91972351074219
2021-10-12,75.40260314941406,102.49778747558594,87.03299713134766,0.6643360257148743,81.20643615722656
2021-10-13,75.48390197753906,102.53665924072266,86.96800231933594,0.6642860174179077,81.04559326171875
2021-10-14,75.3062973022461,102.85975646972656,87.24800109863281,0.6640790104866028,81.41544342041016
2021-10-15,74.99500274658203,102.54310607910156,86.85099792480469,0.6581339836120605,81.05817413330078
2021-10-18,75.00589752197266,103.2463607788086,86.95700073242188,0.6562309861183167,81.2424087524414
2021-10-19,75.2354965209961,103.32747650146484,87.29000091552734,0.6576769948005676,81.39215087890625
2021-10-20,75.12010192871094,103.60979461669922,87.2959976196289,0.6552550196647644,81.30125427246094
2021-10-21,74.80919647216797,103.42372131347656,87.09200286865234,0.6533750295639038,81.33092498779297
2021-10-22,74.86540222167969,103.27112579345703,86.95099639892578,0.6569280028343201,81.46475219726562
2021-10-25,74.99369812011719,103.18412017822266,87.24199676513672,0.6603320240974426,81.81656646728516
2021-10-26,75.08989715576172,103.3558578491211,87.08200073242188,0.6593599915504456,81.54344940185547
2021-10-27,74.88890075683594,103.08367919921875,86.76100158691406,0.6552749872207642,81.3446044921875
2021-10-28,75.05000305175781,103.02860260009766,86.97799682617188,0.6591439843177795,81.66680145263672
2021-10-29,74.79720306396484,103.2183837890625,87.2979965209961,0.6577479839324951,81.96033477783203
2021-11-01,74.92829895019531,102.59291076660156,86.55799865722656,0.6567559838294983,81.78657531738281
2021-11-02,74.82990264892578,102.17778778076172,86.71600341796875,0.6552919745445251,82.21319580078125
2021-11-03,74.71199798583984,101.72718048095703,86.42900085449219,0.6549710035324097,81.59452056884766
2021-11-04,74.43550109863281,101.89581298828125,86.37699890136719,0.6519240140914917,81.5916519165039
2021-11-05,74.47810363769531,100.57565307617188,85.96900177001953,0.6535159945487976,81.5177230834961
2021-11-08,74.19110107421875,100.14287567138672,85.74400329589844,0.6536629796028137,81.25953674316406
2021-11-09,73.91850280761719,100.24275207519531,85.57599639892578,0.6520749926567078,80.85297393798828
2021-11-10,74.17479705810547,100.58573150634766,85.9219970703125,0.6563320159912109,81.33087158203125
2021-11-11,74.40489959716797,99.74967956542969,85.38500213623047,0.652633011341095,80.99122619628906
2021-11-12,74.32209777832031,99.33514404296875,84.99299621582031,0.650987982749939,80.58882141113281
2021-11-15,74.33999633789062,99.70496368408203,84.99400329589844,0.6525909900665283,80.68484497070312
2021-11-16,74.43509674072266,99.84153747558594,84.5260009765625,0.6515960097312927,80.36357116699219
2021-11-17,74.45860290527344,99.95809173583984,84.18699645996094,0.6473209857940674,79.94511413574219
2021-11-18,74.25980377197266,100.20991516113281,84.06099700927734,0.6510769724845886,79.9990463256836
2021-11-19,74.17440032958984,100.14286041259766,84.23100280761719,0.6483070254325867,80.03325653076172
2021-11-22,74.30259704589844,99.91248321533203,83.77200317382812,0.6521610021591187,80.0324478149414
2021-11-23,74.42980194091797,99.69747924804688,83.58399963378906,0.647691011428833,79.71296691894531
2021-11-24,74.4469985961914,99.58785247802734,83.63600158691406,0.6458849906921387,79.68748474121094
2021-11-25,74.625,99.47218322753906,83.5,0.6458879709243774,79.80793762207031
2021-11-26,74.50579833984375,99.21559143066406,83.42900085449219,0.6469870209693909,79.57669067382812
2021-11-29,74.98159790039062,99.98983001708984,84.9010009765625,0.6616730093955994,81.16460418701172
2021-11-30,75.05490112304688,99.89519500732422,84.69499969482422,0.6588060259819031,81.23716735839844
2021-12-01,75.0509033203125,99.7769775390625,84.98899841308594,0.6620500087738037,81.57508087158203
2021-12-02,75.01789855957031,99.5966796875,84.84500122070312,0.6640059947967529,81.39012908935547
2021-12-03,74.9834976196289,99.74192810058594,84.7020034790039,0.6627669930458069,81.44815063476562
2021-12-06,75.23400115966797,100.06010437011719,85.0790023803711,0.6662880182266235,81.92939758300781
2021-12-07,75.39129638671875,99.95671844482422,84.98899841308594,0.6637719869613647,81.38300323486328
2021-12-08,75.40859985351562,99.88489532470703,84.93199920654297,0.6636350154876709,81.48126983642578
2021-12-09,75.38330078125,99.54850006103516,85.43599700927734,0.6624490022659302,81.83250427246094
2021-12-10,75.59919738769531,99.96786499023438,85.2979965209961,0.6657739877700806,81.7590560913086
2021-12-13,75.70999908447266,100.48609924316406,85.5790023803711,0.6678029894828796,82.10198211669922
2021-12-14,75.82689666748047,100.18748474121094,85.4229965209961,0.6664819717407227,82.07041931152344
2021-12-15,76.04720306396484,100.61270904541016,85.5270004272461,0.6680049896240234,82.21187591552734
2021-12-16,76.2114028930664,101.10047149658203,86.125,0.6682569980621338,82.49916076660156
2021-12-17,76.1675033569336,101.41558074951172,86.26699829101562,0.6695150136947632,82.81645202636719
2021-12-20,76.00599670410156,100.82948303222656,85.36900329589844,0.6679499745368958,82.18779754638672
2021-12-21,75.75869750976562,100.06617736816406,85.31700134277344,0.6655899882316589,82.07898712158203
2021-12-22,75.6864013671875,100.40552520751953,85.36799621582031,0.6634650230407715,81.93453216552734
2021-12-23,75.45850372314453,100.73759460449219,85.43399810791016,0.6601110100746155,81.9686279296875
2021-12-24,75.06739807128906,100.55282592773438,84.9010009765625,0.6548749804496765,81.59635162353516
2021-12-27,75.31500244140625,100.96190643310547,84.86100006103516,0.6548560261726379,81.40998840332031
2021-12-28,74.98030090332031,100.65995025634766,84.86199951171875,0.6523640155792236,81.6636962890625
2021-12-29,74.74500274658203,100.39718627929688,84.47899627685547,0.6504589915275574,81.41651916503906
2021-12-30,74.57029724121094,100.47488403320312,84.62799835205078,0.6480669975280762,81.5145492553711
2021-12-31,74.43119812011719,100.45780181884766,84.1729965209961,0.6460660099983215,81.34111022949219
2022-01-03,74.51380157470703,100.80829620361328,84.62300109863281,0.6463299989700317,81.59602355957031
2022-01-04,74.4032974243164,100.31211853027344,84.01399993896484,0.6445630192756653,80.9441909790039
2022-01-05,74.53489685058594,100.84134674072266,84.01799774169922,0.6409479975700378,81.26985931396484
2022-01-06,74.43009948730469,100.90446472167969,83.947998046875,0.6390200257301331,80.8954086303711
2022-01-07,74.41929626464844,100.71528625488281,83.93800354003906,0.6413059830665588,80.65338897705078
2022-01-10,74.2699966430664,100.84281158447266,84.31400299072266,0.6422200202941895,80.79252624511719
2022-01-11,74.05699920654297,100.56172180175781,83.83100128173828,0.6418349742889404,79.79383087158203
2022-01-12,73.81529998779297,100.6449203491211,83.8270034790039,0.6394829750061035,79.85234832763672
2022-01-13,73.79910278320312,101.16519927978516,84.36499786376953,0.6428229808807373,80.64672088623047
2022-01-14,73.97229766845703,101.45258331298828,84.65899658203125,0.6475690007209778,81.1092529296875
2022-01-17,74.37899780273438,101.43405151367188,84.4990005493164,0.6487560272216797,81.0551528930664
2022-01-18,74.25509643554688,101.32150268554688,84.6449966430664,0.6475369930267334,81.16504669189453
2022-01-19,74.61969757080078,101.46676635742188,84.3949966430664,0.6502429842948914,81.22479248046875
2022-01-20,74.44920349121094,101.33939361572266,84.37799835205078,0.6505150198936462,81.2303237915039
2022-01-21,74.45220184326172,101.20719146728516,84.16899871826172,0.6527180075645447,81.13848114013672
2022-01-24,74.41320037841797,100.84955596923828,84.33000183105469,0.6538829803466797,81.52284240722656
2022-01-25,74.6447982788086,100.6788330078125,84.44400024414062,0.6540669798851013,81.57579803466797
2022-01-26,74.77999877929688,101.0232925415039,84.46299743652344,0.6560710072517395,81.39434814453125
2022-01-27,74.8949966430664,101.38446807861328,84.11799621582031,0.6523100137710571,80.98664855957031
2022-01-28,75.20929718017578,100.66378784179688,83.73400115966797,0.6513649821281433,80.69852447509766
2022-01-31,75.03900146484375,100.58976745605469,82.5978012084961,0.6503909826278687,80.49612426757812
2022-02-01,74.55580139160156,100.249267578125,83.78099822998047,0.6476500034332275,80.49944305419922
2022-02-02,74.74549865722656,101.093505859375,84.18199920654297,0.6508650183677673,81.07366180419922
2022-02-03,74.82240295410156,101.47745513916016,84.46600341796875,0.6535260081291199,81.33853149414062
2022-02-04,74.6438980102539,101.51556396484375,85.28299713134766,0.648705005645752,81.02436065673828
2022-02-07,74.64219665527344,100.9763412475586,85.39700317382812,0.648048996925354,80.57952117919922
2022-02-08,74.6583023071289,101.04532623291016,85.31800079345703,0.6481729745864868,80.79705047607422
2022-02-09,74.69519805908203,101.18540954589844,85.22899627685547,0.6458899974822998,80.66917419433594
2022-02-10,74.80889892578125,101.26055908203125,85.37100219726562,0.6466929912567139,80.86676788330078
2022-02-11,75.53839874267578,102.39730072021484,85.63700103759766,0.6465629935264587,81.05764770507812
2022-02-14,75.34100341796875,102.47286224365234,85.447998046875,0.6469870209693909,80.68939208984375
2022-02-15,75.6854019165039,102.40711975097656,85.48999786376953,0.6544359922409058,81.7831802368164
2022-02-16,75.17479705810547,101.95249938964844,85.38300323486328,0.6498559713363647,81.15831756591797
2022-02-17,75.04199981689453,102.05413818359375,85.27799987792969,0.6496880054473877,81.32945251464844
2022-02-18,75.06300354003906,102.21257019042969,85.24800109863281,0.6528940200805664,81.53801727294922
2022-02-21,74.68240356445312,101.49544525146484,84.49800109863281,0.6489620208740234,80.96598052978516
2022-02-22,74.51699829101562,101.76190948486328,84.19400024414062,0.6496379971504211,81.29106140136719
2022-02-23,74.62300109863281,101.4120101928711,84.46499633789062,0.6477599740028381,80.90090942382812
2022-02-24,74.63300323486328,101.19473266601562,84.30400085449219,0.6489920020103455,81.26861572265625
2022-02-25,75.4083023071289,100.88933563232422,84.53299713134766,0.6536229848861694,81.59162139892578
2022-02-28,75.06800079345703,100.58072662353516,84.48300170898438,0.6387739777565002,79.74800109863281
2022-03-01,75.28479766845703,101.27137756347656,84.61599731445312,0.655646026134491,82.22370147705078
2022-03-02,75.80120086669922,101.03009033203125,84.28800201416016,0.6592730283737183,82.42156219482422
2022-03-03,75.63099670410156,101.30425262451172,83.97699737548828,0.6541820168495178,82.08935546875
2022-03-04,75.8917007446289,101.2950439453125,83.98899841308594,0.6571909785270691,82.68098449707031
2022-03-07,76.41799926757812,101.16239929199219,83.43000030517578,0.6582099795341492,82.4215087890625
2022-03-08,77.08080291748047,101.03433990478516,83.5530014038086,0.6665340065956116,83.09184265136719
2022-03-09,76.91449737548828,100.71019744873047,83.73699951171875,0.6639599800109863,82.65545654296875
2022-03-10,76.13490295410156,100.35025787353516,84.50599670410156,0.6584050059318542,82.35248565673828
2022-03-11,76.310302734375,99.8957748413086,83.95999908447266,0.6561890244483948,82.02222442626953
2022-03-14,76.75370025634766,100.06640625,83.40299987792969,0.6516079902648926,81.76168060302734
2022-03-15,76.49009704589844,99.50160217285156,83.6520004272461,0.6465489864349365,81.44477081298828
2022-03-16,76.26589965820312,99.4736099243164,83.57599639892578,0.6440889835357666,80.98213958740234
2022-03-17,76.02420043945312,99.9646224975586,83.90799713134766,0.6404039859771729,80.85140991210938
2022-03-18,75.98159790039062,99.9367446899414,84.2030029296875,0.6402050256729126,81.03961944580078
2022-03-21,75.94640350341797,100.12001037597656,83.97799682617188,0.6381970047950745,81.6172866821289
2022-03-22,76.30709838867188,100.47562408447266,83.96299743652344,0.6372690200805664,81.60066223144531
2022-03-23,76.10189819335938,100.96261596679688,83.91500091552734,0.6270059943199158,81.51004791259766
2022-03-24,76.55239868164062,101.0859146118164,84.1719970703125,0.6312710046768188,82.18696594238281
2022-03-25,76.32350158691406,100.68412017822266,83.92400360107422,0.6231529712677002,82.01309204101562
2022-03-28,76.27850341796875,100.46955871582031,83.69999694824219,0.6243469715118408,81.88622283935547
2022-03-29,76.03410339355469,99.56395721435547,83.572998046875,0.614916980266571,81.42064666748047
2022-03-30,75.66670227050781,99.12503814697266,83.84200286865234,0.6139460206031799,81.17735290527344
2022-03-31,75.82779693603516,99.62188720703125,84.5459976196289,0.6207380294799805,82.04764556884766
2022-04-01,75.9092025756836,99.75308990478516,83.98699951171875,0.6229910254478455,82.15896606445312
2022-04-04,75.99479675292969,99.58629608154297,83.88999938964844,0.620248019695282,82.09008026123047
2022-04-05,75.47799682617188,98.96270751953125,82.75700378417969,0.6139019727706909,81.40126037597656
2022-04-06,75.45069885253906,98.65911865234375,82.22200012207031,0.6096460223197937,81.09358215332031
2022-04-07,75.94509887695312,99.26153564453125,82.68499755859375,0.6128860116004944,81.29759216308594
2022-04-08,75.91320037841797,99.22716522216797,82.39199829101562,0.6111260056495667,81.13042449951172
2022-04-11,75.91729736328125,98.95744323730469,82.54299926757812,0.6107050180435181,81.20905303955078
2022-04-12,75.83699798583984,98.75279998779297,82.41400146484375,0.6037939786911011,81.33830261230469
2022-04-13,76.1498031616211,99.00642395019531,82.36000061035156,0.6066250205039978,81.56474304199219
2022-04-14,76.12169647216797,99.83771514892578,82.86599731445312,0.6066439747810364,81.42758178710938
2022-04-15,76.30879974365234,99.77439880371094,82.52100372314453,0.6055470108985901,80.92955017089844
2022-04-18,76.3313980102539,99.66756439208984,82.5199966430664,0.6032909750938416,81.02533721923828
2022-04-19,76.28019714355469,99.25997924804688,82.01499938964844,0.6004379987716675,80.70613098144531
2022-04-20,76.44539642333984,99.4243392944336,82.43499755859375,0.590595006942749,80.21192932128906
2022-04-21,76.27619934082031,99.6417007446289,82.6719970703125,0.5952360033988953,80.2913589477539
2022-04-22,76.28520202636719,99.39806365966797,82.54900360107422,0.5932859778404236,79.8846435546875
2022-04-25,76.4635009765625,98.11503601074219,82.5,0.5940189957618713,79.79778289794922
2022-04-26,76.52780151367188,97.47693634033203,82.14700317382812,0.5999770164489746,80.00175476074219
2022-04-27,76.79409790039062,96.55702209472656,81.53099822998047,0.6018940210342407,79.60651397705078
2022-04-28,76.47219848632812,95.90486145019531,80.80599975585938,0.5961340069770813,79.03289794921875
2022-04-29,76.58899688720703,95.44009399414062,80.43900299072266,0.5855010151863098,78.808837890625
2022-05-02,76.52310180664062,96.29302215576172,80.61900329589844,0.5886780023574829,78.52216339111328
2022-05-03,76.52410125732422,95.6201400756836,80.2979965209961,0.5871480107307434,78.14395904541016
2022-05-04,76.46730041503906,95.53585815429688,80.40899658203125,0.5869870185852051,78.04236602783203
2022-05-05,76.00160217285156,95.98609924316406,80.94000244140625,0.5897570252418518,78.2974624633789
2022-05-06,76.54180145263672,94.65252685546875,80.60800170898438,0.5867210030555725,77.59302520751953
2022-05-09,76.9574966430664,94.87222290039062,81.10900115966797,0.5894970297813416,77.82881927490234
2022-05-10,77.3655014038086,95.46949005126953,81.66400146484375,0.5927879810333252,77.83936309814453
2022-05-11,77.27140045166016,95.16738891601562,81.23799896240234,0.5918179750442505,77.47651672363281
2022-05-12,77.41840362548828,94.82030487060547,81.30899810791016,0.5956730246543884,77.78123474121094
2022-05-13,77.44380187988281,94.50331115722656,80.30699920654297,0.6016219854354858,77.11551666259766
2022-05-16,77.48629760742188,94.93833923339844,80.57499694824219,0.5989739894866943,77.24005889892578
2022-05-17,77.8053970336914,95.89400482177734,81.14099884033203,0.602886974811554,77.57450866699219
2022-05-18,77.37239837646484,96.62199401855469,81.63800048828125,0.597881019115448,77.87433624267578
2022-05-19,77.81999969482422,96.06149291992188,81.4209976196289,0.6078029870986938,78.7585678100586
2022-05-20,77.42109680175781,96.54366302490234,81.83300018310547,0.6048349738121033,79.54093933105469
2022-05-23,77.81839752197266,97.32714080810547,82.16300201416016,0.6081950068473816,79.8338394165039
2022-05-24,77.52680206298828,97.43953704833984,82.75299835205078,0.6059960126876831,80.20294952392578
2022-05-25,77.47879791259766,97.19052124023438,83.08599853515625,0.610605001449585,80.59169006347656
2022-05-26,77.49729919433594,97.56330108642578,82.73400115966797,0.6088820099830627,80.51383209228516
2022-05-27,77.63020324707031,97.94852447509766,83.24400329589844,0.6105189919471741,80.90913391113281
2022-05-30,77.69200134277344,98.09471893310547,83.24800109863281,0.6099929809570312,80.9485855102539
2022-05-31,77.5208969116211,98.10617065429688,83.4729995727539,0.6063200235366821,80.85100555419922
2022-06-01,77.5989990234375,97.80998229980469,83.22899627685547,0.6022989749908447,80.78916931152344
2022-06-02,77.58409881591797,96.86276245117188,82.52899932861328,0.5953680276870728,80.43958282470703
2022-06-03,77.3604965209961,97.28582763671875,83.10800170898438,0.5954729914665222,80.73368835449219
2022-06-06,77.69419860839844,97.08740997314453,83.11299896240234,0.5924649834632874,80.5572509765625
2022-06-07,77.82099914550781,97.45639038085938,83.11799621582031,0.5880169868469238,80.0327377319336
2022-06-08,77.67060089111328,98.05967712402344,82.99299621582031,0.5840299725532532,79.69483184814453
2022-06-09,77.72429656982422,97.4752197265625,83.20899963378906,0.5774970054626465,79.31200408935547
2022-06-10,77.8187026977539,97.25244903564453,82.552001953125,0.5783399939537048,79.28582000732422
2022-06-13,78.17759704589844,96.12098693847656,82.11499786376953,0.5806769728660583,79.04876708984375
2022-06-14,78.16059875488281,94.86388397216797,81.26499938964844,0.5812219977378845,78.27828979492188
2022-06-15,77.9854965209961,93.54474639892578,81.35900115966797,0.5761560201644897,77.98385620117188
2022-06-16,77.90019989013672,94.81614685058594,81.65599822998047,0.5823270082473755,78.51161193847656
2022-06-17,77.97769927978516,96.36564636230469,82.15399932861328,0.5882409811019897,80.59410095214844
2022-06-20,77.9614028930664,95.26715850830078,81.09809875488281,0.5771229863166809,80.3192367553711
2022-06-21,77.93399810791016,95.44515991210938,81.90399932861328,0.5763289928436279,80.49197387695312
2022-06-22,78.13490295410156,95.93843078613281,82.21600341796875,0.572708010673523,80.80315399169922
2022-06-23,78.19309997558594,95.8696060180664,82.50199890136719,0.5742009878158569,81.19036865234375
2022-06-24,78.14240264892578,95.74418640136719,82.12899780273438,0.5789420008659363,81.20046997070312
2022-06-27,78.2522964477539,96.20455169677734,82.51699829101562,0.5784800052642822,81.59983825683594
2022-06-28,78.44110107421875,96.20774841308594,82.91699981689453,0.5786070227622986,81.94593811035156
2022-06-29,79.07319641113281,96.33421325683594,83.0459976196289,0.5801140069961548,82.48223114013672
2022-06-30,78.89830017089844,95.60720825195312,82.38600158691406,0.5775430202484131,82.66291809082031
2022-07-01,78.96299743652344,96.14906311035156,82.6500015258789,0.5809320211410522,82.5963134765625
2022-07-04,78.95069885253906,95.60279846191406,82.24700164794922,0.58330899477005,82.19413757324219
2022-07-05,78.93949890136719,95.6365966796875,82.2770004272461,0.5804150104522705,82.07099914550781
2022-07-06,79.36840057373047,94.90081787109375,81.25700378417969,0.5844669938087463,81.78409576416016
2022-07-07,79.04389953613281,94.25871276855469,80.4219970703125,0.580784022808075,81.38848876953125
2022-07-08,79.22160339355469,95.24483489990234,80.4209976196289,0.5819000005722046,81.2205581665039
2022-07-11,79.3313980102539,95.37458801269531,80.6780014038086,0.582148015499115,81.11910247802734
2022-07-12,79.47779846191406,94.50469207763672,79.72799682617188,0.5774989724159241,80.7441635131836
2022-07-13,79.47640228271484,94.42726135253906,79.63099670410156,0.5806229710578918,80.83995819091797
2022-07-14,79.80750274658203,94.63058471679688,79.86299896240234,0.5783569812774658,81.152099609375
2022-07-15,79.87830352783203,94.55886840820312,80.03500366210938,0.5744339823722839,81.20022583007812
2022-07-18,79.72049713134766,94.70861053466797,80.4020004272461,0.5755789875984192,81.64373779296875
2022-07-19,80.0302963256836,95.62030792236328,81.09500122070312,0.5782240033149719,81.7613525390625
2022-07-20,79.85590362548828,95.84664154052734,81.62999725341797,0.5773490071296692,82.3455810546875
2022-07-21,80.00340270996094,95.75684356689453,81.39299774169922,0.5775730013847351,82.27790069580078
2022-07-22,79.7759017944336,95.64927673339844,81.55999755859375,0.5819849967956543,82.58069610595703
2022-07-25,79.87680053710938,95.76922607421875,81.45800018310547,0.5861340165138245,82.92156219482422
2022-07-26,79.72250366210938,96.05732727050781,81.41600036621094,0.5837090015411377,82.59294891357422
2022-07-27,79.84120178222656,96.13676452636719,80.81199645996094,0.5824810266494751,82.90748596191406
2022-07-28,79.84739685058594,97.05168151855469,81.42500305175781,0.5861080288887024,83.25196075439453
2022-07-29,79.57150268554688,96.87590026855469,81.09400177001953,0.5918310284614563,83.32810974121094
2022-08-01,79.1948013305664,96.36865997314453,81.0719985961914,0.5945799946784973,83.25232696533203
2022-08-02,78.95570373535156,96.75408172607422,80.96099853515625,0.5996310114860535,83.01435852050781
2022-08-03,78.60449981689453,95.68489837646484,79.74299621582031,0.5887179970741272,81.91834259033203
2022-08-04,79.11830139160156,96.05679321289062,80.27999877929688,0.5898690223693848,82.22418975830078
2022-08-05,79.15489959716797,96.2369613647461,81.03800201416016,0.5962849855422974,82.8800048828125
2022-08-08,79.41059875488281,95.78216552734375,80.72599792480469,0.5874559879302979,82.42253875732422
2022-08-09,79.60189819335938,96.1474380493164,81.08000183105469,0.589576005935669,83.24862670898438
2022-08-10,79.57839965820312,96.09967803955078,81.14399719238281,0.5878890156745911,83.3057861328125
2022-08-11,79.0978012084961,96.59679412841797,81.38300323486328,0.5949400067329407,83.84381866455078
2022-08-12,79.61399841308594,97.07980346679688,82.08599853515625,0.5980240106582642,84.47190856933594
2022-08-15,79.62760162353516,96.62899017333984,81.63300323486328,0.595986008644104,84.4643783569336
2022-08-16,79.55290222167969,95.90926361083984,80.75800323486328,0.5968829989433289,84.00872039794922
2022-08-17,79.14600372314453,95.74732971191406,80.53099822998047,0.589622974395752,83.37189483642578
2022-08-18,79.35970306396484,95.59268188476562,80.68499755859375,0.5874620079994202,83.32601928710938
2022-08-19,79.7667007446289,95.19432830810547,80.40499877929688,0.5869470238685608,83.30233764648438
2022-08-22,79.91790008544922,94.41873168945312,80.15399932861328,0.5830190181732178,83.23344421386719
2022-08-23,79.88379669189453,93.95957946777344,79.28800201416016,0.5798979997634888,82.7075424194336
2022-08-24,79.85449981689453,94.46995544433594,79.51399993896484,0.5834239721298218,82.71937561035156
2022-08-25,79.79679870605469,94.1347427368164,79.46199798583984,0.581570029258728,82.47651672363281
2022-08-26,79.88289642333984,94.55611419677734,79.56400299072266,0.5843870043754578,82.81011962890625
2022-08-29,79.95909881591797,93.50410461425781,79.59500122070312,0.5799480080604553,82.68321990966797
2022-08-30,79.96790313720703,93.62678527832031,79.97599792480469,0.5764139890670776,82.59850311279297
2022-08-31,79.68229675292969,92.87100982666016,79.802001953125,0.5737950205802917,81.73043060302734
2022-09-01,79.54879760742188,92.40715789794922,79.78299713134766,0.570455014705658,81.16152954101562
2022-09-02,79.716796875,92.01236724853516,79.25900268554688,0.5684859752655029,81.14591979980469
2022-09-05,79.72450256347656,91.52689361572266,79.29199981689453,0.5678150057792664,81.22866821289062
2022-09-06,79.78299713134766,91.94762420654297,79.31199645996094,0.5677430033683777,81.45299530029297
2022-09-07,79.89510345458984,92.02266693115234,79.0,0.5576440095901489,81.07511901855469
2022-09-08,79.6498031616211,91.76925659179688,79.53800201416016,0.5521129965782166,81.4312744140625
2022-09-09,79.706298828125,91.71566009521484,79.69400024414062,0.5535849928855896,82.164306640625
2022-09-12,79.65579986572266,92.52458190917969,79.96800231933594,0.5522019863128662,82.83863067626953
2022-09-13,79.35530090332031,92.72454833984375,80.29900360107422,0.5559700131416321,83.1816635131836
2022-09-14,79.60240173339844,91.53361511230469,79.36299896240234,0.5506669878959656,82.79182434082031
2022-09-15,79.45369720458984,91.73286437988281,79.23600006103516,0.5554320216178894,82.49754333496094
2022-09-16,79.8490982055664,91.53544616699219,79.677001953125,0.5563700199127197,82.92489624023438
2022-09-19,79.68949890136719,91.0815200805664,79.74600219726562,0.5562149882316589,81.46269226074219
2022-09-20,79.7074966430664,91.15380859375,79.85600280761719,0.5559840202331543,82.5897216796875
2022-09-21,79.76270294189453,90.7541275024414,79.44400024414062,0.5546990036964417,82.66504669189453
2022-09-22,80.05069732666016,90.26055908203125,78.49700164794922,0.5532479882240295,82.49079132080078
2022-09-23,81.06220245361328,91.22744750976562,79.677001953125,0.5689610242843628,82.99644470214844
2022-09-26,81.25479888916016,87.96332550048828,78.66400146484375,0.5665330290794373,82.69511413574219
2022-09-27,81.61579895019531,87.2103042602539,78.56600189208984,0.5577030181884766,81.2171859741211
2022-09-28,81.72460174560547,87.62940979003906,78.34200286865234,0.5642309784889221,82.32271575927734
2022-09-29,81.42870330810547,88.47295379638672,78.9729995727539,0.5633339881896973,83.20436096191406
2022-09-30,81.48059844970703,90.70386505126953,80.0479965209961,0.5635700225830078,83.47885131835938
2022-10-03,81.52130126953125,90.80573272705078,79.81999969482422,0.5623610019683838,82.4959945678711
2022-10-04,81.49500274658203,92.31920623779297,80.0459976196289,0.563289999961853,82.02652740478516
2022-10-05,81.46549987792969,93.45869445800781,81.26399993896484,0.5654500126838684,83.14473724365234
2022-10-06,81.6488037109375,92.59892272949219,80.84200286865234,0.5646870136260986,83.10366821289062
2022-10-07,82.3489990234375,91.8779525756836,80.53800201416016,0.5672069787979126,83.09439849853516
2022-10-10,82.8322982788086,91.70372009277344,80.6240005493164,0.5628250241279602,82.24170684814453
2022-10-11,82.42070007324219,91.15254974365234,79.95099639892578,0.5652740001678467,82.37361145019531
2022-10-12,82.2739028930664,90.37046813964844,79.7249984741211,0.5634610056877136,82.39032745361328
2022-10-13,82.19999694824219,91.25257873535156,79.71199798583984,0.5595999956130981,82.31182098388672
2022-10-14,82.19210052490234,93.0577392578125,80.2300033569336,0.5574880242347717,81.9903335571289
2022-10-17,82.41280364990234,92.5760498046875,80.02999877929688,0.5531460046768188,81.8213882446289
2022-10-18,82.1947021484375,93.3653793334961,80.8219985961914,0.551160991191864,82.45838928222656
2022-10-19,82.2863998413086,93.22373962402344,81.09100341796875,0.5509909987449646,82.7332534790039
2022-10-20,82.99700164794922,93.04692077636719,80.99800109863281,0.5535470247268677,82.52470397949219
2022-10-21,82.82569885253906,92.93958282470703,80.91000366210938,0.5509499907493591,82.39727020263672
2022-10-24,82.54129791259766,93.37198638916016,81.32099914550781,0.5584400296211243,82.64010620117188
2022-10-25,82.7614974975586,93.6072006225586,81.74199676513672,0.5553290247917175,82.73062896728516
2022-10-26,82.44529724121094,94.45680236816406,82.05999755859375,0.556535005569458,82.79229736328125
2022-10-27,82.04959869384766,95.33983612060547,82.60199737548828,0.5600950121879578,83.09642028808594
2022-10-28,82.44249725341797,95.28630828857422,82.05699920654297,0.562620997428894,83.1124267578125
2022-10-31,82.23919677734375,95.5363540649414,81.91000366210938,0.5572440028190613,82.52405548095703
2022-11-01,82.72899627685547,94.86225891113281,81.75599670410156,0.5560789704322815,82.58048248291016
2022-11-02,82.68450164794922,94.9685287475586,81.5719985961914,0.5583239793777466,82.59033966064453
2022-11-03,82.88839721679688,94.37934112548828,81.12100219726562,0.558896005153656,82.3856201171875
2022-11-04,82.68180084228516,92.31482696533203,80.5270004272461,0.5566369891166687,81.50918579101562
2022-11-07,81.9749984741211,93.26705169677734,81.59100341796875,0.544929027557373,80.38369750976562
2022-11-08,81.82599639892578,94.20272064208984,81.89900207519531,0.5575079917907715,82.66405487060547
2022-11-09,81.40519714355469,93.95335388183594,81.95099639892578,0.5595189929008484,82.56570434570312
2022-11-10,81.34380340576172,92.47208404541016,81.4209976196289,0.5558750033378601,82.60639953613281
2022-11-11,80.48290252685547,94.21907043457031,82.10800170898438,0.5685030221939087,83.47744750976562
2022-11-14,80.49700164794922,95.14218139648438,82.39900207519531,0.5794379711151123,85.41361236572266
2022-11-15,80.99199676513672,95.1732406616211,83.48799896240234,0.5774059891700745,85.74612426757812
2022-11-16,81.07140350341797,96.13593292236328,83.91400146484375,0.5831649899482727,85.90440368652344
2022-11-17,81.49530029296875,97.03560638427734,84.6259994506836,0.5843949913978577,86.20264434814453
2022-11-18,81.52490234375,96.71105194091797,84.39600372314453,0.5800769925117493,85.46993255615234
2022-11-21,81.5198974609375,96.84806823730469,84.21499633789062,0.5803800225257874,85.431396484375
2022-11-22,81.72769927978516,96.63702392578125,83.6500015258789,0.5745959877967834,85.1702880859375
2022-11-23,81.71499633789062,97.16265106201172,84.18099975585938,0.5783789753913879,85.83547973632812
2022-11-24,81.63289642333984,98.37653350830078,84.9489974975586,0.585532009601593,86.67071533203125
2022-11-25,81.65540313720703,98.9715347290039,84.89299774169922,0.5885599851608276,86.45392608642578
2022-11-28,81.6697006225586,98.65493774414062,84.89299774169922,0.586571991443634,86.30535125732422
2022-11-29,81.65029907226562,97.65695190429688,84.37100219726562,0.5877869725227356,85.95077514648438
2022-11-30,81.63089752197266,97.55378723144531,84.19100189208984,0.5877469778060913,85.43363189697266
2022-12-01,81.3052978515625,98.18914031982422,84.73600006103516,0.5918329954147339,86.14446258544922
2022-12-02,81.16220092773438,99.58634948730469,85.37100219726562,0.599888026714325,86.58755493164062
2022-12-05,81.42250061035156,100.01132202148438,85.75499725341797,0.6058070063591003,86.82731628417969
2022-12-06,81.89900207519531,99.8625259399414,85.88600158691406,0.5986779928207397,86.81842803955078
2022-12-07,82.37220001220703,99.92293548583984,86.26200103759766,0.6020179986953735,87.47661590576172
2022-12-08,82.25350189208984,100.3793716430664,86.35399627685547,0.6022210121154785,87.34580993652344
2022-12-09,82.2791976928711,100.66429901123047,86.79399871826172,0.6018350124359131,87.85262298583984
2022-12-12,82.41300201416016,101.06307220458984,86.73899841308594,0.6027799844741821,88.1217269897461
2022-12-13,82.64469909667969,101.3879623413086,87.03800201416016,0.6004570126533508,88.22819519042969
2022-12-14,82.40249633789062,101.83673095703125,87.48899841308594,0.6072949767112732,88.61888885498047
2022-12-15,82.50800323486328,102.47258758544922,87.99199676513672,0.6088929772377014,89.173095703125
2022-12-16,82.85790252685547,100.94844055175781,87.9520034790039,0.6008489727973938,89.16278076171875
2022-12-19,82.72599792480469,100.47722625732422,87.43900299072266,0.6044909954071045,88.44462585449219
2022-12-20,82.58190155029297,100.34486389160156,87.55599975585938,0.6023370027542114,88.83206939697266
2022-12-21,82.63690185546875,100.74784088134766,87.69300079345703,0.6256880164146423,89.09581756591797
2022-12-22,82.87860107421875,100.1100082397461,87.84400177001953,0.6255469918251038,89.37181091308594
2022-12-23,82.8749008178711,99.78202056884766,87.7760009765625,0.6254969835281372,88.91365051269531
2022-12-26,82.6041030883789,99.56356811523438,87.802001953125,0.6227660179138184,88.54045867919922
2022-12-27,82.90290069580078,100.18792724609375,86.91010284423828,0.6242740154266357,88.58199310302734
2022-12-28,82.7761001586914,99.57096099853516,88.03199768066406,0.619933009147644,89.05164337158203
2022-12-29,82.85199737548828,99.56378173828125,87.77400207519531,0.6153180003166199,89.10467529296875
2022-12-30,82.83509826660156,99.90866088867188,88.22100067138672,0.6217989921569824,89.54363250732422
2023-01-02,82.74980163574219,100.0982437133789,88.48200225830078,0.6305829882621765,89.43352508544922
2023-01-03,82.70600128173828,99.73077392578125,88.30000305175781,0.6322519779205322,89.48114776611328
2023-01-04,82.78569793701172,99.08344268798828,87.21900177001953,0.6300179958343506,88.33869171142578
2023-01-05,82.66649627685547,99.68093872070312,87.6050033569336,0.6245139837265015,88.83582305908203
2023-01-06,82.64520263671875,98.43617248535156,86.8270034790039,0.6189259886741638,88.15326690673828
2023-01-09,82.27339935302734,99.49280548095703,87.5009994506836,0.6224640011787415,88.582275390625
2023-01-10,82.18009948730469,100.1347427368164,88.1240005493164,0.6233199834823608,89.14470672607422
2023-01-11,81.63739776611328,99.23275756835938,87.58200073242188,0.617393970489502,88.41442108154297
2023-01-12,81.63179779052734,99.2158203125,87.80500030517578,0.6184210181236267,87.60613250732422
2023-01-13,81.1156005859375,99.08126068115234,88.01100158691406,0.6274089813232422,87.39183044433594
2023-01-16,81.27799987792969,99.41944122314453,87.9520034790039,0.6266859769821167,87.64087677001953
2023-01-17,81.65260314941406,99.61845397949219,88.35299682617188,0.6356899738311768,88.13618469238281
2023-01-18,81.52549743652344,100.16463470458984,88.00399780273438,0.6358739733695984,88.4640121459961
2023-01-19,81.43599700927734,100.54745483398438,87.86399841308594,0.6329799890518188,88.84304809570312
2023-01-20,81.23979949951172,100.64547729492188,87.93699645996094,0.6322829723358154,88.62383270263672
2023-01-23,80.97599792480469,100.2825927734375,87.86199951171875,0.6249570250511169,87.92752838134766
2023-01-24,81.48799896240234,100.90006256103516,88.54100036621094,0.6235859990119934,88.33820343017578
2023-01-25,81.60189819335938,100.64306640625,88.76799774169922,0.6260640025138855,88.38352966308594
2023-01-26,81.50270080566406,101.08961486816406,88.95500183105469,0.6302120089530945,88.79073333740234
2023-01-27,81.44509887695312,101.14326477050781,88.64199829101562,0.6267420053482056,88.42932891845703
2023-01-30,81.50800323486328,100.9228515625,88.51899719238281,0.6271939873695374,88.40848541259766
2023-01-31,81.57990264892578,100.75191497802734,88.375,0.6242049932479858,87.99223327636719
2023-02-01,81.76840209960938,100.66886901855469,88.73600006103516,0.6278319954872131,89.14665222167969
2023-02-02,81.71029663085938,101.23063659667969,89.9469985961914,0.6350150108337402,90.01766204833984
2023-02-03,82.0458984375,100.31912994384766,89.39099884033203,0.6365969777107239,89.7459487915039
2023-02-06,82.22599792480469,99.39940643310547,88.69000244140625,0.6225659847259521,88.47180938720703
2023-02-07,82.75499725341797,99.48092651367188,88.7040023803711,0.6235039830207825,89.10586547851562
2023-02-08,82.74189758300781,99.70410919189453,88.83100128173828,0.6317870020866394,89.82218933105469
2023-02-09,82.65950012207031,99.77693176269531,88.49800109863281,0.6286219954490662,89.6836166381836
2023-02-10,82.533203125,100.0375747680664,88.56300354003906,0.6269950270652771,89.39888000488281
2023-02-13,82.51300048828125,99.53168487548828,88.0260009765625,0.6258839964866638,89.24519348144531
2023-02-14,82.59739685058594,100.2667236328125,88.5469970703125,0.6236209869384766,89.8274917602539
2023-02-15,82.86759948730469,100.89881134033203,88.92900085449219,0.6228979825973511,89.88492584228516
2023-02-16,82.73770141601562,99.57380676269531,88.40399932861328,0.6174870133399963,89.54434967041016
2023-02-17,82.69529724121094,99.01039123535156,88.13200378417969,0.6162409782409668,89.17399597167969
2023-02-20,82.75800323486328,99.54053497314453,88.43299865722656,0.6161929965019226,89.49032592773438
2023-02-21,82.69750213623047,99.55482482910156,88.25700378417969,0.6150190234184265,89.4842758178711
2023-02-22,82.86119842529297,100.3795394897461,88.18499755859375,0.6135380268096924,89.25562286376953
2023-02-23,82.83529663085938,99.87295532226562,87.7750015258789,0.6133670210838318,88.8685302734375
2023-02-24,82.6178970336914,99.28894805908203,87.48600006103516,0.6132760047912598,88.41390228271484
2023-02-27,82.91799926757812,99.04554748535156,87.37000274658203,0.5990989804267883,87.20661163330078
2023-02-28,82.6520004272461,99.73068237304688,87.60600280761719,0.6058689951896667,88.23689270019531
2023-03-01,82.6353988647461,99.45063018798828,87.34100341796875,0.605705976486206,87.6451416015625
2023-03-02,82.4198989868164,99.1264877319336,87.85399627685547,0.6047260165214539,87.64540100097656
2023-03-03,82.35569763183594,98.41446685791016,87.21600341796875,0.6018919944763184,87.35358428955078
2023-03-06,81.7125015258789,98.34111022949219,86.81600189208984,0.6008440256118774,87.1805191040039
2023-03-07,81.85440063476562,98.4483642578125,87.3479995727539,0.601170003414154,87.82189178466797
2023-03-08,82.07460021972656,97.08248901367188,86.44000244140625,0.5963640213012695,86.96308135986328
2023-03-09,81.9645004272461,97.09322357177734,86.38300323486328,0.5967410206794739,87.02305603027344
2023-03-10,82.01840209960938,97.76001739501953,86.73500061035156,0.600875973701477,87.8369140625
2023-03-13,81.95800018310547,98.70082092285156,87.1259994506836,0.5973119735717773,87.54254913330078
2023-03-14,82.41739654541016,100.30779266357422,88.13800048828125,0.6173139810562134,90.06263732910156
2023-03-15,82.30490112304688,100.01698303222656,88.16899871826172,0.6111599802970886,89.853759765625
2023-03-16,82.7156982421875,99.81669616699219,87.66500091552734,0.6231269836425781,88.94085693359375
2023-03-17,82.622802734375,100.06988525390625,87.61599731445312,0.6189249753952026,88.83346557617188
2023-03-20,82.53299713134766,100.54170227050781,87.94200134277344,0.6190850138664246,87.84452819824219
2023-03-21,82.52909851074219,101.31779479980469,88.36799621582031,0.627435028553009,88.70063018798828
2023-03-22,82.677001953125,101.05155181884766,88.99600219726562,0.6241480112075806,89.62832641601562
2023-03-23,82.52580261230469,101.30412292480469,89.625,0.6284360289573669,89.94746398925781
2023-03-24,82.26529693603516,100.99827575683594,89.0459976196289,0.6283959746360779,89.6551742553711
2023-03-27,82.33879852294922,100.84668731689453,88.5260009765625,0.6294440031051636,89.45985412597656
2023-03-28,82.21489715576172,101.0867919921875,88.75399780273438,0.6257929801940918,89.72754669189453
2023-03-29,82.16429901123047,101.36383819580078,88.98200225830078,0.626446008682251,89.18846893310547
2023-03-30,82.25540161132812,101.27256774902344,89.05500030517578,0.6193900108337402,89.4413833618164
2023-03-31,82.10050201416016,101.70016479492188,89.44200134277344,0.6157060265541077,89.78768157958984
2023-04-03,82.18479919433594,101.071533203125,89.0260009765625,0.6177049875259399,89.54081726074219
2023-04-04,82.14089965820312,102.0362319946289,89.59700012207031,0.6208019852638245,89.98438262939453
2023-04-05,82.11479949951172,102.68830108642578,89.89600372314453,0.6241390109062195,90.57576751708984
2023-04-06,81.94999694824219,102.12168884277344,89.27799987792969,0.6257569789886475,90.33583068847656
2023-04-07,81.831298828125,101.92951202392578,89.30500030517578,0.6204869747161865,90.3678207397461
2023-04-10,81.88480377197266,101.73162078857422,89.30599975585938,0.6145430207252502,90.34040069580078
2023-04-11,81.98390197753906,101.52203369140625,88.31700134277344,0.6127730011940002,89.96147155761719
2023-04-12,82.07009887695312,101.98958587646484,89.51599884033203,0.6137499809265137,90.78885650634766
2023-04-13,81.96060180664062,102.40338897705078,90.05999755859375,0.6153450012207031,91.39899444580078
2023-04-14,81.68070220947266,102.27952575683594,90.18699645996094,0.6159279942512512,91.78404235839844
2023-04-17,81.84480285644531,101.52237701416016,89.90799713134766,0.6053889989852905,91.51838684082031
2023-04-18,82.00370025634766,101.48066711425781,89.51100158691406,0.609466016292572,91.1828384399414
2023-04-19,82.10790252685547,102.04570770263672,90.02999877929688,0.6119700074195862,91.54507446289062
2023-04-20,82.34010314941406,102.34080505371094,90.0979995727539,0.6106749773025513,91.64217376708984
2023-04-21,82.14089965820312,102.19658660888672,90.01100158691406,0.612546980381012,91.96949005126953
2023-04-24,82.05480194091797,102.14205932617188,90.08999633789062,0.6111940145492554,91.8816909790039
2023-04-25,81.85230255126953,102.24099731445312,90.5199966430664,0.6107040047645569,92.3065185546875
2023-04-26,81.9916000366211,101.78363037109375,89.93699645996094,0.6128110289573669,91.84976959228516
2023-04-27,81.76689910888672,101.94725799560547,90.22799682617188,0.6120529770851135,91.6932601928711
2023-04-28,81.76509857177734,102.17955017089844,90.11900329589844,0.6108959913253784,91.38050842285156
2023-05-01,81.74479675292969,102.69705200195312,89.97699737548828,0.585686981678009,91.3388442993164
2023-05-02,81.77469635009766,102.19206237792969,88.85299682617188,0.590582013130188,90.20288848876953
2023-05-03,81.77870178222656,102.03550720214844,89.9489974975586,0.5984650254249573,91.54322814941406
2023-05-04,81.77999877929688,102.80860137939453,90.4540023803711,0.6073439717292786,92.49776458740234
2023-05-05,81.71610260009766,102.70516967773438,89.99600219726562,0.6084409952163696,92.2057113647461
2023-05-08,81.72979736328125,103.22416687011719,89.97200012207031,0.6050159931182861,91.66929626464844
2023-05-09,81.78710174560547,103.14557647705078,89.84500122070312,0.6049230098724365,91.80925750732422
2023-05-10,82.1050033569336,103.6597671508789,89.94000244140625,0.6063039898872375,92.14691925048828
2023-05-11,81.9198989868164,103.43231201171875,89.90399932861328,0.6105139851570129,92.03388214111328
2023-05-12,82.10030364990234,102.75209045410156,89.51300048828125,0.6098210215568542,91.72357940673828
2023-05-15,82.20030212402344,102.32381439208984,89.0979995727539,0.6000490188598633,91.4068832397461
2023-05-16,82.2667007446289,103.04420471191406,89.36799621582031,0.6041640043258667,91.7677230834961
2023-05-17,82.2959976196289,102.73343658447266,89.33000183105469,0.6026650071144104,91.70327758789062
2023-05-18,82.45030212402344,102.95989990234375,89.27899932861328,0.5986819863319397,91.66645050048828
2023-05-19,82.72509765625,102.68653869628906,89.05599975585938,0.5961769819259644,91.325439453125
2023-05-22,82.90480041503906,103.26248168945312,89.49800109863281,0.5908709764480591,90.7525863647461
2023-05-23,82.82499694824219,102.98507690429688,89.4469985961914,0.5967450141906738,92.1207504272461
2023-05-24,82.8906021118164,102.92110443115234,89.125,0.5970720052719116,91.79674530029297
2023-05-25,82.71369934082031,102.28431701660156,88.83799743652344,0.5929880142211914,91.33478546142578
2023-05-26,82.74210357666016,101.9297103881836,88.6510009765625,0.5902220010757446,91.3216781616211
2023-05-29,82.57479858398438,101.9334487915039,87.76010131835938,0.5817509889602661,90.40442657470703
2023-05-30,82.57969665527344,102.03904724121094,88.3740005493164,0.587680995464325,91.24172973632812
2023-05-31,82.68389892578125,102.61946105957031,88.66600036621094,0.5909879803657532,91.18733215332031
2023-06-01,82.66680145263672,102.90851593017578,88.322998046875,0.5936269760131836,90.74944305419922
2023-06-02,82.27670288085938,103.07246398925781,88.44999694824219,0.5924059748649597,90.76123809814453
2023-06-05,82.40979766845703,102.43859100341797,88.13500213623047,0.5881639719009399,90.5614013671875
2023-06-06,82.51119995117188,102.59178924560547,88.2979965209961,0.5914030075073242,90.97775268554688
2023-06-07,82.51719665527344,102.53363037109375,88.19000244140625,0.5908340215682983,90.8753662109375
2023-06-08,82.61810302734375,102.8112564086914,88.37899780273438,0.5899900197982788,90.74983978271484
2023-06-09,82.48829650878906,103.59688568115234,88.9000015258789,0.5937169790267944,91.71580505371094
2023-06-12,82.4448013305664,103.71719360351562,88.54000091552734,0.5856850147247314,90.35758972167969
2023-06-13,82.33719635009766,103.14098358154297,88.62300109863281,0.590444028377533,90.63371276855469
2023-06-14,82.29039764404297,103.73716735839844,88.65299987792969,0.586152970790863,90.76371002197266
2023-06-15,82.04499816894531,103.91407775878906,88.88099670410156,0.5855969786643982,91.05213928222656
2023-06-16,81.9126968383789,104.72601318359375,89.58699798583984,0.5835260152816772,91.773681640625
2023-06-19,81.91480255126953,105.08161926269531,89.55899810791016,0.5755100250244141,91.47441864013672
2023-06-20,81.98139953613281,104.88744354248047,89.40399932861328,0.5767999887466431,91.35395050048828
2023-06-21,81.9917984008789,104.65992736816406,89.45500183105469,0.5796200037002563,91.24942016601562
2023-06-22,81.94149780273438,104.64708709716797,89.98899841308594,0.5778549909591675,91.71788024902344
2023-06-23,81.91929626464844,104.40518951416016,89.7229995727539,0.5724740028381348,91.49317169189453
2023-06-26,81.98480224609375,104.33888244628906,89.2249984741211,0.567779004573822,91.28677368164062
2023-06-27,82.00650024414062,104.25678253173828,89.38099670410156,0.5712900161743164,91.4717788696289
2023-06-28,81.99839782714844,104.51622009277344,89.77899932861328,0.5695750117301941,91.67389678955078
2023-06-29,82.02649688720703,103.70748901367188,89.4800033569336,0.5676630139350891,91.4045181274414
2023-06-30,82.07540130615234,103.49906158447266,89.10299682617188,0.5662660002708435,91.18946075439453
2023-07-03,82.09629821777344,104.30538940429688,88.01300048828125,0.5683990120887756,91.61471557617188
2023-07-04,81.95010375976562,104.01446533203125,89.35199737548828,0.5662999749183655,91.38158416748047
2023-07-05,82.0071029663086,104.25051879882812,89.1240005493164,0.5671030282974243,91.31790924072266
2023-07-06,82.39409637451172,104.68824768066406,89.35900115966797,0.5697100162506104,91.61032104492188
2023-07-07,82.76840209960938,105.47191619873047,90.06900024414062,0.574396014213562,92.35968017578125
2023-07-10,82.61530303955078,106.05528259277344,89.14900207519531,0.5719630122184753,91.40206146240234
2023-07-11,82.52529907226562,106.12643432617188,90.74700164794922,0.5835480093955994,93.15362548828125
2023-07-12,82.39990234375,106.56407928466797,90.67500305175781,0.5875449776649475,93.67977905273438
2023-07-13,82.00180053710938,106.51441955566406,91.23899841308594,0.5924959778785706,94.56315612792969
2023-07-14,82.03079986572266,107.70222473144531,92.00499725341797,0.5937610268592834,95.41414642333984
2023-07-17,82.07679748535156,107.45216369628906,92.08399963378906,0.5908309817314148,95.12318420410156
2023-07-18,82.06159973144531,107.28020477294922,92.13300323486328,0.5909559726715088,95.2879867553711
2023-07-19,82.07540130615234,107.00028991699219,92.06400299072266,0.5895299911499023,95.59709930419922
2023-07-20,82.06169891357422,106.15702056884766,91.8550033569336,0.5870670080184937,95.5448226928711
2023-07-21,82.0823974609375,105.6527099609375,91.31500244140625,0.5863149762153625,94.65909576416016
2023-07-24,81.99030303955078,105.39734649658203,90.22209930419922,0.5718039870262146,93.67398834228516
2023-07-25,81.81420135498047,104.90815734863281,90.43099975585938,0.5776349902153015,93.95721435546875
2023-07-26,81.95010375976562,105.67339324951172,90.37000274658203,0.5803459882736206,94.5881576538086
2023-07-27,81.97550201416016,106.06835174560547,90.70999908447266,0.5834059715270996,95.03205871582031
2023-07-28,82.3749008178711,105.42316436767578,90.12899780273438,0.5909379720687866,94.45687866210938
2023-07-31,82.25279998779297,105.75057983398438,89.38999938964844,0.5738829970359802,93.72476959228516
2023-08-01,82.2332992553711,105.5307846069336,90.3550033569336,0.5772449970245361,94.2498779296875
2023-08-02,82.30729675292969,105.33116912841797,90.5260009765625,0.5752099752426147,94.23656463623047
2023-08-03,82.7332992553711,105.157958984375,90.39299774169922,0.5768250226974487,94.2171401977539
2023-08-04,82.7843017578125,105.26757049560547,90.57499694824219,0.580007016658783,94.59925079345703
2023-08-07,82.69529724121094,105.40945434570312,89.61599731445312,0.5742769837379456,93.24800872802734
2023-08-08,82.74829864501953,105.77796173095703,90.96600341796875,0.5800790190696716,94.70840454101562
2023-08-09,82.84500122070312,105.5923843383789,90.66699981689453,0.5772899985313416,94.4735336303711
2023-08-10,82.86630249023438,105.40774536132812,90.88500213623047,0.5760549902915955,94.4048843383789
2023-08-11,82.79989624023438,104.94969940185547,90.875,0.5712500214576721,94.37244415283203
2023-08-14,82.89730072021484,105.21965026855469,90.08609771728516,0.5674710273742676,93.8788070678711
2023-08-15,83.2333984375,105.5078125,90.64600372314453,0.5709819793701172,94.62320709228516
2023-08-16,83.19419860839844,105.67633819580078,90.64299774169922,0.5709829926490784,94.61196899414062
2023-08-17,83.23699951171875,105.96009063720703,90.49099731445312,0.5683919787406921,94.62596130371094
2023-08-18,83.09829711914062,105.9333267211914,90.30599975585938,0.5699989795684814,94.56664276123047
2023-08-21,83.16729736328125,105.9361572265625,90.30500030517578,0.5639989972114563,93.09396362304688
2023-08-22,83.1135025024414,106.03448486328125,90.4800033569336,0.567999005317688,94.52655792236328
2023-08-23,83.07330322265625,105.76244354248047,90.03199768066406,0.5694320201873779,94.30594635009766
2023-08-24,82.5447006225586,104.99032592773438,89.59700012207031,0.569333016872406,93.93348693847656
2023-08-25,82.64140319824219,104.05946350097656,89.16200256347656,0.5652850270271301,93.26966094970703
2023-08-28,82.66429901123047,104.04438018798828,89.0260009765625,0.5586360096931458,92.48834991455078
2023-08-29,82.69149780273438,104.26881408691406,89.43699645996094,0.5640810132026672,93.50688934326172
2023-08-30,82.49469757080078,104.26841735839844,89.59500122070312,0.5645750164985657,93.78091430664062
2023-08-31,82.70040130615234,105.13746643066406,90.31999969482422,0.565654993057251,94.09117126464844
2023-09-01,82.68240356445312,104.77385711669922,89.55400085449219,0.5677070021629333,93.50261688232422
2023-09-04,82.6969985961914,104.10191345214844,88.75070190429688,0.5622040033340454,92.86946105957031
2023-09-05,82.7345962524414,104.46595764160156,89.22200012207031,0.5641859769821167,93.44232177734375
2023-09-06,83.08609771728516,104.4715576171875,89.03700256347656,0.5630069971084595,93.3345947265625
2023-09-07,83.25740051269531,104.1346206665039,89.17900085449219,0.5632069706916809,93.3135986328125
2023-09-08,83.24150085449219,103.81513214111328,88.85800170898438,0.5638859868049622,93.00984191894531
2023-09-11,83.03130340576172,103.62785339355469,87.8093032836914,0.554485023021698,91.84593200683594
2023-09-12,82.94329833984375,103.7452163696289,89.09100341796875,0.5651479959487915,92.99234771728516
2023-09-13,82.84300231933594,103.48001861572266,89.00700378417969,0.5624920129776001,92.85151672363281
2023-09-14,82.93679809570312,103.61612701416016,88.97100067138672,0.5625029802322388,92.76273345947266
2023-09-15,83.0282974243164,103.01074981689453,88.22799682617188,0.5625240206718445,92.55332946777344
2023-09-18,83.08580017089844,102.96276092529297,88.50399780273438,0.5545240044593811,91.36986541748047
2023-09-19,83.25489807128906,103.09925842285156,88.96299743652344,0.5636849999427795,92.72097778320312
2023-09-20,83.19499969482422,103.1040267944336,88.79100036621094,0.5626320242881775,92.62722778320312
2023-09-21,83.08699798583984,102.58330535888672,88.41799926757812,0.5596960186958313,92.29147338867188
2023-09-22,82.89129638671875,101.85225677490234,88.2770004272461,0.5607110261917114,91.48701477050781
2023-09-25,82.97480010986328,101.58209991455078,88.375,0.5508149862289429,90.14900970458984
2023-09-26,83.0282974243164,101.39098358154297,87.86199951171875,0.5574290156364441,90.94080352783203
2023-09-27,83.29869842529297,101.23495483398438,87.95600128173828,0.5584949851036072,90.86833190917969
2023-09-28,83.22270202636719,100.98249053955078,87.39299774169922,0.5560579895973206,90.3094482421875
2023-09-29,83.19300079345703,101.69770812988281,87.7979965209961,0.5565919876098633,90.85527801513672
2023-10-02,83.03479766845703,101.21997833251953,87.10299682617188,0.5507529973983765,89.94062805175781
2023-10-03,83.3593978881836,100.76215362548828,87.11699676513672,0.5547109842300415,90.5312271118164
2023-10-04,83.22979736328125,100.51934051513672,87.05500030517578,0.5573430061340332,90.28073120117188
2023-10-05,83.44979858398438,101.26415252685547,87.41799926757812,0.5579820275306702,90.72528076171875
2023-10-06,83.22489929199219,101.42716217041016,87.83000183105469,0.5608760118484497,91.24077606201172
2023-10-09,83.12460327148438,101.55475616455078,87.93000030517578,0.5489069819450378,90.1052017211914
2023-10-10,83.27030181884766,102.01055908203125,88.01300048828125,0.560854971408844,91.92822265625
2023-10-11,83.25029754638672,102.13721466064453,88.197998046875,0.5596359968185425,91.95433807373047
2023-10-12,83.21800231933594,102.50936889648438,88.31900024414062,0.5579130053520203,92.25426483154297
2023-10-13,83.26239776611328,101.44625854492188,87.64600372314453,0.5553889870643616,91.62480926513672
2023-10-16,83.28230285644531,101.19048309326172,86.55819702148438,0.5504800081253052,91.12828063964844
2023-10-17,83.19950103759766,101.61902618408203,87.7490005493164,0.5558379888534546,92.3328628540039
2023-10-18,83.26429748535156,101.37599182128906,87.947998046875,0.5554320216178894,92.41293334960938
2023-10-19,83.26860046386719,101.10099792480469,87.64199829101562,0.5550780296325684,92.53656005859375
2023-10-20,83.12229919433594,100.94593811035156,87.9010009765625,0.5542870163917542,93.099609375
2023-10-23,83.15979766845703,101.15718078613281,88.04199981689453,0.5473859906196594,91.93753814697266
2023-10-24,83.02940368652344,101.70862579345703,88.48400115966797,0.5538300275802612,93.09927368164062
2023-10-25,82.98780059814453,100.93506622314453,87.85800170898438,0.553409993648529,92.8946304321289
2023-10-26,83.1709976196289,100.6216812133789,87.94200134277344,0.5536789894104004,92.66635131835938
2023-10-27,83.28250122070312,101.06487274169922,87.9000015258789,0.553413987159729,92.56170654296875
2023-10-30,83.41339874267578,101.07357025146484,86.85800170898438,0.5485789775848389,91.19429016113281
2023-10-31,83.29650115966797,101.338134765625,88.28600311279297,0.5581129789352417,92.22019958496094
2023-11-01,83.2771987915039,101.19536590576172,87.98300170898438,0.5482919812202454,91.38671112060547
2023-11-02,85.19400024414062,101.37336730957031,88.0469970703125,0.5523250102996826,91.82658386230469
2023-11-03,83.24729919433594,101.477783203125,88.29399871826172,0.5526300072669983,91.78361511230469
2023-11-06,83.15850067138672,102.92584228515625,89.10900115966797,0.5462219715118408,90.6427993774414
2023-11-07,83.2228012084961,102.73595428466797,89.12200164794922,0.5543789863586426,92.46363830566406
2023-11-08,83.23269653320312,102.30889892578125,88.94999694824219,0.552977979183197,92.39374542236328
2023-11-09,83.21769714355469,102.21263122558594,89.05000305175781,0.5510339736938477,92.43653106689453
2023-11-10,83.31939697265625,101.79405975341797,88.73799896240234,0.5496929883956909,92.10441589355469
2023-11-13,83.29889678955078,101.84062957763672,87.9352035522461,0.5416259765625,91.06322479248047
2023-11-14,83.19760131835938,102.171630859375,88.94000244140625,0.5480409860610962,92.20832061767578
2023-11-15,82.98159790039062,103.6815185546875,90.16600036621094,0.551131010055542,93.19551086425781
2023-11-16,83.18620300292969,103.29248046875,90.1259994506836,0.5481520295143127,93.4461441040039
2023-11-17,83.12030029296875,103.18975830078125,90.13099670410156,0.5509949922561646,93.46488952636719
2023-11-20,83.29149627685547,103.78589630126953,89.47319793701172,0.5479620099067688,92.52178955078125
2023-11-21,83.32219696044922,104.23678588867188,91.11799621582031,0.561214029788971,94.09778594970703
2023-11-22,83.345703125,104.42118072509766,90.82599639892578,0.5609570145606995,94.2017822265625
2023-11-23,83.54830169677734,104.33756256103516,90.88300323486328,0.5584210157394409,94.39937591552734
2023-11-24,83.34400177001953,104.45206451416016,90.8030014038086,0.5566840171813965,94.18541717529297
2023-11-27,83.31449890136719,105.04036712646484,91.0979995727539,0.5498390197753906,93.0781478881836
2023-11-28,83.364501953125,105.31739044189453,91.19599914550781,0.5600699782371521,94.59062957763672
2023-11-29,83.41809844970703,105.84669494628906,91.56300354003906,0.5649979710578918,94.91841125488281
2023-11-30,83.3302993774414,105.77030944824219,91.21399688720703,0.5653510093688965,95.15830993652344
2023-12-01,83.35269927978516,105.27520751953125,90.6510009765625,0.5622169971466064,95.1332015991211
2023-12-04,83.21859741210938,105.80289459228516,89.74700164794922,0.5627490282058716,94.98796081542969
2023-12-05,83.41709899902344,105.3844985961914,90.302001953125,0.5655630230903625,95.4935073852539
2023-12-06,83.31590270996094,104.93152618408203,89.86199951171875,0.5656840205192566,95.13988494873047
2023-12-07,83.28959655761719,104.64956665039062,89.66699981689453,0.5651649832725525,95.08840942382812
2023-12-08,83.35489654541016,104.93053436279297,89.87200164794922,0.5771719813346863,95.13485717773438
2023-12-11,83.43009948730469,104.61322021484375,88.90950012207031,0.5697500109672546,93.83142852783203
2023-12-12,83.34349822998047,104.62274169921875,89.62999725341797,0.56980299949646,94.77557373046875
2023-12-13,83.39600372314453,104.8376235961914,89.96800231933594,0.5736770033836365,95.20343017578125
2023-12-14,83.2853012084961,105.1396255493164,90.55699920654297,0.5828269720077515,95.53282928466797
2023-12-15,83.29660034179688,106.35958099365234,91.48699951171875,0.5848919749259949,95.96672821044922
2023-12-18,83.04170227050781,105.23304748535156,90.04139709472656,0.5807629823684692,94.87529754638672
2023-12-19,83.11119842529297,105.10865020751953,90.67400360107422,0.5815920233726501,95.72175598144531
2023-12-20,83.09159851074219,105.77610778808594,91.14900207519531,0.5769180059432983,96.45294952392578
2023-12-21,83.26719665527344,105.2290267944336,90.95899963378906,0.5790960192680359,96.3631820678711
2023-12-22,83.13159942626953,105.60279846191406,91.31700134277344,0.5840569734573364,96.88858032226562
2023-12-25,83.16500091552734,105.4157943725586,90.67019653320312,0.5775279998779297,96.23754119873047
2023-12-26,83.17230224609375,105.4367904663086,90.67019653320312,0.5824499726295471,95.74201202392578
2023-12-27,83.18280029296875,105.86266326904297,90.67019653320312,0.5835580229759216,97.13421630859375
2023-12-28,83.26719665527344,106.58525848388672,92.41500091552734,0.5881249904632568,98.74874114990234
2023-12-29,82.302001953125,105.69755554199219,91.89700317382812,0.5919479727745056,99.03013610839844
2024-01-01,83.24859619140625,105.9035873413086,91.79000091552734,0.5845630168914795,98.02850341796875
2024-01-02,83.20259857177734,105.91197204589844,91.14199829101562,0.5852190256118774,98.10236358642578
2024-01-03,83.25700378417969,105.0905990600586,91.05799865722656,0.5854259729385376,97.888671875
2024-01-04,83.31809997558594,105.50981903076172,90.9800033569336,0.5823320150375366,98.05094146728516
2024-01-05,83.2406005859375,105.57324981689453,91.03600311279297,0.5745900273323059,97.80245971679688
2024-01-08,83.19110107421875,105.740234375,89.75569915771484,0.5668179988861084,96.44409942626953
2024-01-09,83.05069732666016,105.847900390625,90.85800170898438,0.5752379894256592,97.83721923828125
2024-01-10,83.131103515625,105.67424774169922,90.8030014038086,0.5750570297241211,97.4427490234375
2024-01-11,83.02559661865234,105.785888671875,91.04100036621094,0.5692390203475952,97.53173828125
2024-01-12,83.07610321044922,106.13907623291016,91.14399719238281,0.5721889734268188,97.53184509277344
2024-01-15,82.87210083007812,105.67176055908203,90.66300201416016,0.5652130246162415,96.11421966552734
2024-01-16,82.8593978881836,105.36165618896484,90.64800262451172,0.5679600238800049,96.74433898925781
2024-01-17,83.08899688720703,104.98778533935547,90.31300354003906,0.5637879967689514,96.37422943115234
2024-01-18,83.17759704589844,105.4358139038086,90.44200134277344,0.5609920024871826,96.12541198730469
2024-01-19,83.16059875488281,105.69001007080078,90.38600158691406,0.5608969926834106,95.7093505859375
2024-01-22,83.12470245361328,105.58513641357422,89.43720245361328,0.5541539788246155,94.52550506591797
2024-01-23,83.09510040283203,105.58548736572266,90.30599975585938,0.5604739785194397,95.53587341308594
2024-01-24,83.22139739990234,105.6357192993164,90.28299713134766,0.5609369874000549,95.60598754882812
2024-01-25,83.09760284423828,105.7170639038086,90.34600067138672,0.5626760125160217,96.20026397705078
2024-01-26,83.14610290527344,105.67333984375,90.0999984741211,0.5623679757118225,95.80622100830078
2024-01-29,83.12129974365234,105.58435821533203,90.1240005493164,0.5547239780426025,95.11262512207031
2024-01-30,83.1530990600586,105.7471694946289,90.0250015258789,0.5634379982948303,96.4639663696289
2024-01-31,83.10970306396484,105.50846099853516,90.04900360107422,0.5633689761161804,96.36846923828125
2024-02-01,83.05359649658203,105.44667053222656,89.61799621582031,0.5644519925117493,96.1814193725586
2024-02-02,82.92759704589844,105.70531463623047,90.08399963378906,0.56557697057724,96.59291076660156
2024-02-05,82.99929809570312,104.82513427734375,89.21820068359375,0.5572649836540222,95.4205322265625
2024-02-06,83.10369873046875,104.14839172363281,89.12100219726562,0.5582810044288635,95.3309097290039
2024-02-07,83.07060241699219,104.69741821289062,89.26100158691406,0.5609740018844604,95.37718200683594
2024-02-08,83.01260375976562,104.82272338867188,89.4010009765625,0.5603020191192627,94.8974609375
2024-02-09,82.98529815673828,104.69775390625,89.27799987792969,0.555010974407196,94.84190368652344
2024-02-12,83.0145034790039,104.8083267211914,89.44400024414062,0.5493249893188477,93.86740112304688
2024-02-13,82.99019622802734,104.79671478271484,89.30999755859375,0.5549430251121521,94.6531753540039
2024-02-14,83.07460021972656,104.59257507324219,88.86199951171875,0.550171971321106,93.44956970214844
2024-02-15,83.04309844970703,104.3340835571289,89.03600311279297,0.5510960221290588,93.71717071533203
2024-02-16,83.00959777832031,104.58692932128906,89.35700225830078,0.5531309843063354,94.26788330078125
2024-02-19,83.01599884033203,104.59576416015625,89.37799835205078,0.5464310050010681,93.21036529541016
2024-02-20,83.02100372314453,104.49916076660156,89.40299987792969,0.5520910024642944,93.97115325927734
2024-02-21,82.8291015625,104.48482513427734,89.47799682617188,0.5514810085296631,93.76435852050781
2024-02-22,82.93840026855469,104.8292236328125,89.67500305175781,0.5512030124664307,94.25186920166016
2024-02-23,82.87229919433594,104.9412612915039,89.61100006103516,0.5501919984817505,94.0687484741211
2024-02-26,82.88179779052734,105.00312805175781,89.61100006103516,0.5457159876823425,93.28822326660156
2024-02-27,82.85199737548828,105.10742950439453,89.81300354003906,0.549830973148346,94.06177520751953
2024-02-28,82.94819641113281,105.14359283447266,89.8239974975586,0.5504599809646606,94.25294494628906
2024-02-29,82.91190338134766,104.96820068359375,89.77799987792969,0.5498759746551514,94.26006317138672
2024-03-01,82.910400390625,104.67279052734375,89.5270004272461,0.5521249771118164,93.65826416015625
2024-03-04,82.84609985351562,104.82129669189453,89.70899963378906,0.544297993183136,92.53404235839844
2024-03-05,82.9104995727539,105.22688293457031,89.93099975585938,0.5502480268478394,93.56837463378906
2024-03-06,82.88480377197266,105.3092269897461,89.927001953125,0.5524669885635376,93.78910827636719
2024-03-07,82.81909942626953,105.45709991455078,90.2760009765625,0.5548670291900635,93.88444519042969
2024-03-08,82.7522964477539,106.02672576904297,90.5979995727539,0.5594900250434875,94.29727935791016
2024-03-11,82.7520980834961,106.37735748291016,90.4260025024414,0.5553969740867615,93.19226837158203
2024-03-12,82.7782974243164,106.0563735961914,90.4010009765625,0.5636360049247742,94.27130889892578
2024-03-13,82.83509826660156,105.97909545898438,90.37999725341797,0.5610989928245544,94.39571380615234
2024-03-14,82.83110046386719,106.04039001464844,90.65599822998047,0.5606920123100281,94.23210906982422
2024-03-15,82.9655990600586,105.70210266113281,90.1709976196289,0.5585929751396179,93.67469787597656
2024-03-18,82.88890075683594,105.52156829833984,89.3010025024414,0.5503910183906555,92.70802307128906
2024-03-19,82.86360168457031,105.50894927978516,89.98200225830078,0.5547969937324524,93.23593139648438
2024-03-20,83.04239654541016,105.62565612792969,90.12899780273438,0.5493329763412476,93.36890411376953
2024-03-21,83.05460357666016,106.34251403808594,90.71299743652344,0.5501729846000671,93.64840698242188
2024-03-22,83.22660064697266,105.36283111572266,90.34100341796875,0.5485090017318726,92.63795471191406
2024-03-25,83.59359741210938,105.38237762451172,90.25299835205078,0.543828010559082,91.2769775390625
2024-03-26,83.41739654541016,105.40802001953125,90.3280029296875,0.5505949854850769,92.68940734863281
2024-03-27,83.34549713134766,105.23340606689453,90.10199737548828,0.5490090250968933,92.04131317138672
2024-03-28,83.36499786376953,105.17218780517578,90.06500244140625,0.5507050156593323,91.96405792236328
2024-03-29,83.39299774169922,105.28337860107422,89.86399841308594,0.551393985748291,92.57945251464844
2024-04-01,83.36479949951172,105.3144302368164,89.86799621582031,0.5442669987678528,91.40113830566406
2024-04-02,83.40969848632812,104.73790740966797,88.91960144042969,0.5443019866943359,91.35887908935547
2024-04-03,83.35030364990234,104.82070922851562,89.66200256347656,0.5494700074195862,91.71550750732422
2024-04-04,83.37329864501953,105.63815307617188,90.11799621582031,0.5485820174217224,92.08352661132812
2024-04-05,83.47779846191406,105.57369232177734,90.33100128173828,0.5509870052337646,92.4622573852539
2024-04-08,83.29679870605469,105.16011047363281,89.23760223388672,0.5430989861488342,91.27765655517578
2024-04-09,83.26959991455078,105.40670776367188,90.36699676513672,0.5479030013084412,91.90409851074219
2024-04-10,83.22429656982422,105.50347900390625,90.26899719238281,0.5477579832077026,92.01700592041016
2024-04-11,83.4126968383789,104.58747863769531,89.52899932861328,0.5450639724731445,91.28160858154297
2024-04-12,83.34929656982422,104.65591430664062,89.30699920654297,0.5432329773902893,91.50008392333984
2024-04-15,83.61109924316406,104.15972900390625,88.88899993896484,0.5366600155830383,90.1303939819336
2024-04-16,83.50599670410156,103.94573211669922,88.64399719238281,0.5411239862442017,91.48648834228516
2024-04-17,83.6675033569336,104.00367736816406,88.77899932861328,0.5403220057487488,91.58753204345703
2024-04-18,83.5958023071289,104.11844635009766,89.10700225830078,0.5411670207977295,91.7092514038086
2024-04-19,83.54499816894531,103.86968231201172,88.86199951171875,0.5400570034980774,91.49617767333984
2024-04-22,83.38529968261719,103.20601654052734,87.87940216064453,0.5326189994812012,90.50867462158203
2024-04-23,83.38619995117188,102.96995544433594,88.74500274658203,0.5380730032920837,91.34466552734375
2024-04-24,83.2833023071289,103.68270874023438,89.05000305175781,0.5376380085945129,91.25798797607422
2024-04-25,83.3405990600586,103.8338851928711,89.08999633789062,0.5362470149993896,91.0335693359375
2024-04-26,83.30180358886719,104.217529296875,89.28500366210938,0.5348830223083496,91.1959228515625
2024-04-29,83.40229797363281,104.29981231689453,89.09600067138672,0.5215610265731812,90.29923248291016
2024-04-30,83.45110321044922,104.84025573730469,89.34400177001953,0.533735990524292,91.5550537109375
2024-05-01,83.49839782714844,104.4197006225586,88.98300170898438,0.5286790132522583,90.7476577758789
2024-05-02,83.40640258789062,104.47834777832031,88.97799682617188,0.525409996509552,90.12765502929688
2024-05-03,83.40630340576172,104.58036041259766,89.35399627685547,0.5446069836616516,91.53044128417969
2024-05-06,83.37999725341797,104.65277099609375,88.65499877929688,0.5375540256500244,90.92353820800781
2024-05-07,83.4728012084961,104.84076690673828,89.78900146484375,0.5407350063323975,91.95452880859375
2024-05-08,83.46990203857422,104.34185028076172,89.64900207519531,0.5389209985733032,91.76416778564453
2024-05-09,83.46430206298828,104.26908874511719,89.62200164794922,0.5360699892044067,91.8170166015625
2024-05-10,83.45939636230469,104.5332260131836,89.91300201416016,0.5366880297660828,92.05323791503906
2024-05-13,83.5248031616211,104.59810638427734,89.00469970703125,0.5307760238647461,91.16532135009766
2024-05-14,83.50550079345703,104.8745346069336,90.0530014038086,0.5341339707374573,91.89795684814453
2024-05-15,83.52420043945312,105.12069702148438,90.25700378417969,0.5333139896392822,92.0337142944336
2024-05-16,83.40509796142578,105.8726806640625,90.72599792480469,0.539883017539978,92.49072265625
2024-05-17,83.47010040283203,105.76332092285156,90.62799835205078,0.5366719961166382,92.01705932617188
2024-05-20,83.30039978027344,105.8401107788086,89.31079864501953,0.5267009735107422,90.31784057617188
2024-05-21,83.31500244140625,105.8791275024414,90.39399719238281,0.5321999788284302,91.44892120361328
2024-05-22,83.31680297851562,105.91279602050781,90.3550033569336,0.5327029824256897,91.34379577636719
2024-05-23,83.26709747314453,105.9155502319336,90.052001953125,0.5308390259742737,90.88404083251953
2024-05-24,83.2863998413086,105.74622344970703,89.99299621582031,0.530239999294281,91.01547241210938
2024-05-27,83.05220031738281,105.78752899169922,89.10479736328125,0.5230069756507874,89.77361297607422
2024-05-28,83.14569854736328,106.185791015625,90.21099853515625,0.5294169783592224,90.94107055664062
2024-05-29,83.20649719238281,106.15727233886719,90.15899658203125,0.5282739996910095,91.05590057373047
2024-05-30,83.3656005859375,105.88103485107422,90.01599884033203,0.5282689929008484,91.14067840576172
2024-05-31,83.3208999633789,106.06676483154297,90.15699768066406,0.5307980179786682,92.14165496826172
2024-06-03,83.45079803466797,106.34603881835938,90.4280014038086,0.5246319770812988,91.42550659179688
2024-06-04,83.09339904785156,106.44295501708984,90.53399658203125,0.5320860147476196,92.75130462646484
2024-06-05,83.62940216064453,106.80066680908203,90.92400360107422,0.5387750267982483,93.8667221069336
2024-06-06,83.38079833984375,106.66832733154297,90.46600341796875,0.5342230200767517,93.32117462158203
2024-06-07,83.47309875488281,106.77403259277344,90.83699798583984,0.5357279777526855,93.73432922363281
2024-06-10,83.52760314941406,106.31317138671875,89.84420013427734,0.5313400030136108,92.6754379272461
2024-06-11,83.52980041503906,106.33760070800781,89.87100219726562,0.5317130088806152,93.11995697021484
2024-06-12,83.5968017578125,106.49432373046875,89.71700286865234,0.5315639972686768,93.02108764648438
2024-06-13,83.5343017578125,106.8890151977539,90.24500274658203,0.5322780013084412,93.31989288330078
2024-06-14,83.52210235595703,106.53872680664062,89.60900115966797,0.5311139822006226,93.34368133544922
2024-06-17,83.55180358886719,105.95288848876953,88.37229919433594,0.5239980220794678,92.69124603271484
2024-06-18,83.51010131835938,106.15805053710938,89.62999725341797,0.5292099714279175,93.9340591430664
2024-06-19,83.37409973144531,105.95231628417969,89.4540023803711,0.5277199745178223,94.17697143554688
2024-06-20,83.41950225830078,106.11748504638672,89.61100006103516,0.5277990102767944,94.26183319091797
2024-06-21,83.60160064697266,105.87583923339844,89.39700317382812,0.5253639817237854,93.6599349975586
2024-06-24,83.5625,105.61355590820312,88.19149780273438,0.5160599946975708,92.23605346679688
2024-06-25,83.46040344238281,105.84571075439453,89.51799774169922,0.5224279761314392,93.37923431396484
2024-06-26,83.41459655761719,105.80181121826172,89.24800109863281,0.5218769907951355,93.07817077636719
2024-06-27,83.58039855957031,105.48487091064453,89.18000030517578,0.5199090242385864,93.08588409423828
2024-06-28,83.45089721679688,105.50253295898438,89.29299926757812,0.5189489722251892,92.79798126220703
2024-07-01,83.36750030517578,105.45506286621094,89.22899627685547,0.5115169882774353,91.57283020019531
2024-07-02,83.44129943847656,105.5132827758789,89.51000213623047,0.5161929726600647,92.29690551757812
2024-07-03,83.4791030883789,105.92181396484375,89.64800262451172,0.5164949893951416,92.29264831542969
2024-07-04,83.49120330810547,106.40937042236328,90.01699829101562,0.5161160230636597,92.5943603515625
2024-07-05,83.49340057373047,106.49833679199219,90.18399810791016,0.5169810056686401,92.67897033691406
2024-07-08,83.47209930419922,106.9140853881836,89.40899658203125,0.5125259757041931,92.0177001953125
2024-07-09,83.45760345458984,106.9456787109375,90.3010025024414,0.5185859799385071,92.8982162475586
2024-07-10,83.49299621582031,106.7753677368164,90.22000122070312,0.5171040296554565,92.93992614746094
2024-07-11,83.49590301513672,107.30203247070312,90.37100219726562,0.5161839723587036,92.76336669921875
2024-07-12,83.51850128173828,107.91844177246094,90.74299621582031,0.5274220108985901,93.13661193847656
2024-07-15,83.52030181884766,108.30616760253906,89.96119689941406,0.5218549966812134,91.89559936523438
2024-07-16,83.58760070800781,108.40169525146484,91.00299835205078,0.528033971786499,93.23600006103516
2024-07-17,83.52960205078125,108.3963623046875,90.9990005493164,0.5271070003509521,93.4310073852539
2024-07-18,83.57209777832031,108.69996643066406,91.35099792480469,0.5367429852485657,94.61695861816406
2024-07-19,83.67430114746094,108.3590316772461,91.11799621582031,0.5314199924468994,94.19305419921875
2024-07-22,83.73030090332031,108.32843780517578,90.05840301513672,0.5252329707145691,93.0739974975586
2024-07-23,83.67130279541016,108.21212005615234,91.052001953125,0.532800018787384,93.98545837402344
2024-07-24,83.70680236816406,108.0073013305664,90.73799896240234,0.5369700193405151,93.807861328125
2024-07-25,83.74299621582031,108.03327178955078,90.68399810791016,0.5438290238380432,94.53980255126953
2024-07-26,83.73760223388672,107.65889739990234,90.77400207519531,0.5442619919776917,94.97821044921875
2024-07-29,83.72779846191406,107.73976135253906,89.8906021118164,0.5376759767532349,93.65994262695312
2024-07-30,83.75050354003906,107.68934631347656,90.53600311279297,0.5437260270118713,94.41130065917969
2024-07-31,83.73899841308594,107.5001220703125,90.5739974975586,0.548570990562439,94.92687225341797
2024-08-01,83.7177963256836,107.6241683959961,90.48799896240234,0.5582370162010193,95.1954116821289
2024-08-02,83.743896484375,106.73548889160156,90.2770004272461,0.5602200031280518,95.82817840576172
2024-08-05,83.73529815673828,107.11537170410156,91.33599853515625,0.5603139996528625,95.71741485595703
2024-08-06,84.00260162353516,107.41864013671875,91.9020004272461,0.5756760239601135,98.17593383789062
2024-08-07,83.93489837646484,106.49339294433594,91.62699890136719,0.5795509815216064,98.34705352783203
2024-08-08,83.94239807128906,106.42864227294922,91.625,0.5740110278129578,97.53929901123047
2024-08-09,83.98899841308594,107.05540466308594,91.60600280761719,0.568274974822998,96.80644226074219
2024-08-12,83.94979858398438,107.04537200927734,91.55799865722656,0.5661299824714661,95.96125030517578
2024-08-13,83.88999938964844,107.12836456298828,91.67400360107422,0.5703189969062805,96.9274673461914
2024-08-14,83.88200378417969,107.90889739990234,92.15899658203125,0.5703189969062805,96.86112213134766
2024-08-15,83.97149658203125,107.71765899658203,92.39700317382812,0.5697150230407715,96.99047088623047
2024-08-16,83.94830322265625,107.9422378540039,92.09500122070312,0.5631170272827148,96.15766143798828
2024-08-19,83.88980102539062,108.572021484375,92.40499877929688,0.5608050227165222,95.58734893798828
2024-08-20,83.87860107421875,108.94926452636719,92.9800033569336,0.5716570019721985,97.237548828125
2024-08-21,83.77940368652344,109.20378112792969,93.20800018310547,0.5764080286026001,98.11885070800781
2024-08-22,83.88860321044922,109.81366729736328,93.48100280761719,0.5777900218963623,98.48471069335938
2024-08-23,83.94059753417969,109.94209289550781,93.23799896240234,0.5736929774284363,98.4665756225586
2024-08-26,83.81379699707031,110.7044677734375,92.28009796142578,0.5710579752922058,97.25467681884766
2024-08-27,83.88369750976562,110.65898132324219,93.572998046875,0.5799469947814941,98.93685913085938
2024-08-28,83.92160034179688,111.2461929321289,93.72200012207031,0.5823739767074585,99.61629486083984
2024-08-29,83.94149780273438,110.73558044433594,93.29900360107422,0.5806400179862976,99.62254333496094
2024-08-30,83.89510345458984,110.4382095336914,92.87799835205078,0.5784090161323547,98.95217895507812
2024-09-02,83.86380004882812,110.11316680908203,92.58799743652344,0.5689430236816406,97.86498260498047
2024-09-03,83.92729949951172,110.29061889648438,92.8010025024414,0.5713359713554382,98.478271484375
2024-09-04,83.95030212402344,110.09212493896484,92.6780014038086,0.5772190093994141,98.68285369873047
2024-09-05,83.98249816894531,110.38854217529297,92.97200012207031,0.5854250192642212,99.16484832763672
2024-09-06,83.98359680175781,110.66878509521484,93.23999786376953,0.5851269960403442,99.4363784790039
2024-09-09,83.98259735107422,110.32196807861328,93.02100372314453,0.5846819877624512,98.7495346069336
2024-09-10,83.98090362548828,109.7696304321289,92.57499694824219,0.585955023765564,98.75562286376953
2024-09-11,83.98200225830078,109.86066436767578,92.46700286865234,0.5896520018577576,99.06889343261719
2024-09-12,83.99259948730469,109.5186996459961,92.40299987792969,0.5882920026779175,98.40312957763672
2024-09-13,83.93479919433594,110.22760009765625,92.92400360107422,0.592960000038147,98.70726013183594
2024-09-16,83.88480377197266,110.1725082397461,92.04499816894531,0.5899379849433899,97.89418029785156
2024-09-17,83.88400268554688,110.78710174560547,93.26399993896484,0.5951880216598511,99.2292709350586
2024-09-18,83.77059936523438,110.29191589355469,93.10399627685547,0.5895400047302246,98.91264343261719
2024-09-19,83.69170379638672,110.46154022216797,92.9280014038086,0.585893988609314,98.67115783691406
2024-09-20,83.61470031738281,111.03561401367188,93.20800018310547,0.5844990015029907,98.50251007080078
2024-09-23,83.48709869384766,111.20048522949219,93.11000061035156,0.5742440223693848,97.18933868408203
2024-09-24,83.55960083007812,111.55327606201172,92.75399780273438,0.5811619758605957,98.52912902832031
2024-09-25,83.56759643554688,112.18423461914062,93.43800354003906,0.5840280055999756,99.2052993774414
2024-09-26,83.62409973144531,111.34959411621094,93.0009994506836,0.5775309801101685,98.23858642578125
2024-09-27,83.61710357666016,112.12420654296875,93.36799621582031,0.5758050084114075,98.70602416992188
2024-09-30,83.71640014648438,112.01766204833984,93.36900329589844,0.5881199836730957,99.49805450439453
2024-10-01,83.82730102539062,112.12918090820312,93.23400115966797,0.582472026348114,99.03129577636719
2024-10-02,83.87210083007812,111.32807922363281,92.71399688720703,0.5830479860305786,99.00634765625
2024-10-03,83.91960144042969,111.34136199951172,92.61799621582031,0.57225501537323,98.66311645507812
2024-10-04,84.0093994140625,110.27507019042969,92.63400268554688,0.5717390179634094,98.54943084716797
2024-10-07,84.02780151367188,110.25823211669922,92.14299774169922,0.5609970092773438,97.19670867919922
2024-10-08,83.96410369873047,109.84144592285156,92.05500030517578,0.5663130283355713,98.15431213378906
2024-10-09,83.91459655761719,109.93444061279297,92.03299713134766,0.5656350255012512,97.75634002685547
2024-10-10,83.94219970703125,109.67486572265625,91.74400329589844,0.5621259808540344,97.43829345703125
2024-10-11,83.94599914550781,109.63603973388672,91.69200134277344,0.5639740228652954,97.90453338623047
2024-10-14,84.16829681396484,109.84443664550781,91.9000015258789,0.5574589967727661,96.96293640136719
2024-10-15,84.04850006103516,109.80130004882812,91.60199737548828,0.5609909892082214,97.37435150146484
2024-10-16,84.05619812011719,109.85874938964844,91.41999816894531,0.5633090138435364,97.37755584716797
2024-10-17,84.03929901123047,109.15906524658203,91.13999938964844,0.5611079931259155,96.97498321533203
2024-10-18,84.05380249023438,109.41233825683594,90.95600128173828,0.5595570206642151,96.98352813720703
2024-10-21,84.0687026977539,109.71588134765625,90.16999816894531,0.5549439787864685,95.94084167480469
2024-10-22,84.07350158691406,109.16510009765625,90.84200286865234,0.5574899911880493,97.04100799560547
2024-10-23,84.08399963378906,109.1610107421875,90.71399688720703,0.55594801902771,97.0691146850586
2024-10-24,84.06759643554688,108.53804779052734,90.48600006103516,0.5508040189743042,96.92192840576172
2024-10-25,84.08180236816406,109.06485748291016,90.91999816894531,0.5533930063247681,97.00513458251953
2024-10-28,84.10199737548828,108.98404693603516,90.00430297851562,0.547111988067627,96.13276672363281
2024-10-29,84.10279846191406,109.06298828125,90.88800048828125,0.5485619902610779,97.15394592285156
2024-10-30,84.08930206298828,109.42176818847656,90.9010009765625,0.5481380224227905,96.86652374267578
2024-10-31,84.08910369873047,108.96691131591797,91.2229995727539,0.5481979846954346,96.95809936523438
2024-11-01,84.09149932861328,108.44429779052734,93.75499725341797,0.5668240189552307,99.74360656738281
2024-11-04,84.13359832763672,108.69771575927734,90.40599822998047,0.5432159900665283,95.55144500732422
2024-11-05,84.15249633789062,109.00897979736328,91.41200256347656,0.5520780086517334,97.27629852294922
2024-11-06,84.11630249023438,109.67581939697266,91.89099884033203,0.5548520088195801,97.43453979492188
2024-11-07,84.2511978149414,108.5361557006836,90.3270034790039,0.5452499985694885,96.09209442138672
2024-11-08,84.306396484375,109.47955322265625,90.9229965209961,0.5498470067977905,96.50228118896484
2024-11-11,84.38289642333984,109.06918334960938,90.37999725341797,0.5495619773864746,95.88150787353516
2024-11-12,84.39649963378906,108.6884536743164,89.87799835205078,0.5486419796943665,95.73943328857422
2024-11-13,84.39530181884766,107.52766418457031,89.52999877929688,0.5453159809112549,95.57512664794922
2024-11-14,84.4229965209961,107.31088256835938,89.10199737548828,0.5425410270690918,95.17436981201172
2024-11-15,84.47380065917969,106.9813461303711,89.19999694824219,0.5408989787101746,95.0325698852539
2024-11-18,84.47750091552734,106.59762573242188,88.88200378417969,0.5398659706115723,93.90039825439453
2024-11-19,84.39849853515625,107.00051879882812,89.35099792480469,0.5453600287437439,95.46994018554688
2024-11-20,84.39759826660156,107.12621307373047,89.47000122070312,0.5451800227165222,95.62257385253906
2024-11-21,84.38310241699219,106.7588882446289,88.90299987792969,0.5428709983825684,95.38436889648438
2024-11-22,84.48829650878906,106.36869812011719,88.38999938964844,0.5476120114326477,95.1939926147461
2024-11-25,84.43599700927734,105.79850769042969,87.89199829101562,0.5390710234642029,93.30188751220703
2024-11-26,84.37750244140625,106.0505142211914,87.927001953125,0.5453600287437439,94.71778869628906
2024-11-27,84.33910369873047,106.03902435302734,88.39800262451172,0.550482988357544,95.05917358398438
2024-11-28,84.42030334472656,107.15254211425781,89.08899688720703,0.5573740005493164,95.59008026123047
2024-11-29,84.47160339355469,107.23082733154297,89.13500213623047,0.5582169890403748,95.63995361328125
2024-12-02,84.55699920654297,107.70447540283203,89.36699676513672,0.5574790239334106,94.7632064819336
2024-12-03,84.73709869384766,107.25425720214844,88.9020004272461,0.5658479928970337,95.50676727294922
2024-12-04,84.68309783935547,107.31397247314453,88.92400360107422,0.565438985824585,95.45093536376953
2024-12-05,84.70700073242188,107.58561706542969,88.96399688720703,0.5620179772377014,95.75700378417969
2024-12-06,84.68379974365234,108.05602264404297,89.56300354003906,0.5633479952812195,96.31768798828125
2024-12-09,84.66600036621094,107.81975555419922,88.65699768066406,0.5587180256843567,95.47897338867188
2024-12-10,84.84729766845703,108.15021514892578,89.4749984741211,0.5598819851875305,96.4804458618164
2024-12-11,84.8740005493164,108.47210693359375,89.31199645996094,0.5586289763450623,96.07366180419922
2024-12-12,84.85710144042969,108.20877075195312,89.06199645996094,0.5566809773445129,95.97530364990234
2024-12-13,84.83920288085938,107.54764556884766,88.77300262451172,0.5557249784469604,95.0228500366211
2024-12-16,84.802001953125,107.0498046875,87.90699768066406,0.5437300205230713,93.76246643066406
2024-12-17,84.91729736328125,107.7947998046875,89.22599792480469,0.5505130290985107,94.8940200805664
2024-12-18,84.91539764404297,107.95914459228516,89.0270004272461,0.5524809956550598,95.04780578613281
2024-12-19,85.16549682617188,106.92133331298828,87.78500366210938,0.5482929944992065,94.06375885009766
2024-12-20,85.27940368652344,106.60444641113281,88.12799835205078,0.5393369793891907,94.57852935791016
2024-12-23,84.94499969482422,106.73936462402344,88.48100280761719,0.5351409912109375,93.77422332763672
2024-12-24,85.0988998413086,106.67675018310547,88.46700286865234,0.5410490036010742,94.62318420410156
2024-12-25,85.18150329589844,106.82254028320312,88.48500061035156,0.5414940118789673,94.4962387084961
2024-12-26,85.41339874267578,107.00991821289062,88.49099731445312,0.5395740270614624,94.4962387084961
2024-12-27,85.26090240478516,106.77900695800781,88.49099731445312,0.5379589796066284,94.46647644042969
2024-12-30,85.38600158691406,107.34728240966797,88.30999755859375,0.5402830243110657,94.54525756835938
2024-12-31,85.7865982055664,107.63943481445312,88.89199829101562,0.5440160036087036,94.56595611572266
2025-01-02,85.78569793701172,107.35687255859375,88.49099731445312,0.5440160036087036,94.56595611572266
2025-01-03,85.80400085449219,106.20602416992188,88.0199966430664,0.5447559952735901,93.99227142333984
2025-01-06,85.75900268554688,106.53840637207031,87.36399841308594,0.5448070168495178,94.28983306884766
2025-01-07,85.68070220947266,107.2006607055664,88.9219970703125,0.5428360104560852,94.60794067382812
2025-01-08,85.80650329589844,107.26012420654297,88.677001953125,0.5417850017547607,94.26403045654297
2025-01-09,85.90750122070312,106.18473052978516,88.5260009765625,0.5424720048904419,94.20967102050781
2025-01-10,85.91999816894531,105.70246124267578,88.38999938964844,0.5430499911308289,94.10749816894531
2025-01-13,86.18800354003906,105.22016143798828,88.20500183105469,0.5455170273780823,93.96666717529297
2025-01-14,86.65059661865234,106.14251708984375,88.86799621582031,0.5501199960708618,94.52986907958984
2025-01-15,86.535400390625,105.652099609375,89.0989990234375,0.5470209717750549,94.7418212890625
2025-01-16,86.43099975585938,106.01118469238281,88.90799713134766,0.5526459813117981,94.67816162109375
2025-01-17,86.6061019897461,105.95243072509766,89.14099884033203,0.5569750070571899,94.96420288085938
2025-01-20,86.56900024414062,105.34148406982422,88.21099853515625,0.5477449893951416,93.88643646240234
2025-01-21,86.21109771728516,106.27042388916016,89.75700378417969,0.5548880100250244,95.05589294433594
2025-01-22,86.45189666748047,106.71574401855469,89.87999725341797,0.5545380115509033,95.25777435302734
2025-01-23,86.47270202636719,106.45352172851562,89.91999816894531,0.5522540211677551,95.3213882446289
2025-01-24,86.44020080566406,106.92897033691406,89.9540023803711,0.5532240271568298,95.15744018554688
2025-01-27,86.2030029296875,107.62013244628906,89.4000015258789,0.5451390147209167,93.97172546386719
2025-01-28,86.46839904785156,108.00194549560547,90.1259994506836,0.5569570064544678,95.44515991210938
2025-01-29,86.58460235595703,107.71817779541016,90.21399688720703,0.5559309720993042,95.64949798583984
2025-01-30,86.6406021118164,107.92411804199219,90.23899841308594,0.5578830242156982,95.50262451171875
2025-01-31,86.64700317382812,107.60710906982422,89.91999816894531,0.5611900091171265,95.08351135253906
2025-02-03,86.55400085449219,107.27069854736328,89.61299896240234,0.5616880059242249,95.70970916748047
2025-02-04,86.94339752197266,108.1537857055664,89.73300170898438,0.5596160292625427,95.31108093261719
2025-02-05,87.13009643554688,108.68211364746094,90.2979965209961,0.5647169947624207,96.15171813964844
2025-02-06,87.33409881591797,109.18740844726562,90.75299835205078,0.5718240141868591,96.79700469970703
2025-02-07,87.58830261230469,108.9124755859375,90.88200378417969,0.5786600112915039,96.67218017578125
2025-02-10,87.51309967041016,108.55635833740234,90.44100189208984,0.5744100213050842,95.5074691772461
2025-02-11,87.49009704589844,108.10597229003906,90.04399871826172,0.5757380127906799,95.90882873535156
2025-02-12,86.81120300292969,108.08419036865234,89.83599853515625,0.5686489939689636,94.95226287841797
2025-02-13,86.8740005493164,108.06671905517578,90.2300033569336,0.5630589723587036,95.0584945678711
2025-02-14,86.75409698486328,108.99295043945312,90.66400146484375,0.5665029883384705,95.94378662109375
2025-02-17,86.43460083007812,108.81047058105469,90.80899810791016,0.5678989887237549,96.18069458007812
2025-02-18,86.85479736328125,109.615966796875,90.98999786376953,0.5731840133666992,96.3389663696289
2025-02-19,86.88719940185547,109.75763702392578,90.6969985961914,0.5712850093841553,96.06105041503906
2025-02-20,86.872802734375,109.26253509521484,90.47200012207031,0.5740460157394409,95.95587921142578
2025-02-21,86.45120239257812,109.53125,90.84100341796875,0.5787050127983093,96.32630157470703
2025-02-24,86.52940368652344,109.30093383789062,90.49800109863281,0.5728089809417725,95.03162384033203
2025-02-25,86.69010162353516,109.36671447753906,90.60399627685547,0.5779110193252563,96.51300811767578
2025-02-26,87.0811996459961,110.256591796875,91.59400177001953,0.5840259790420532,97.56497955322266
2025-02-27,87.16220092773438,110.462158203125,91.31600189208984,0.5849050283432007,97.34455108642578
2025-02-28,87.3270034790039,110.0320053100586,90.70700073242188,0.5817369818687439,96.96046447753906
2025-03-03,87.46399688720703,109.96849060058594,89.9260025024414,0.5799670219421387,96.68390655517578
2025-03-04,87.32959747314453,110.94992065429688,91.41899871826172,0.5842350125312805,97.22943115234375
2025-03-05,87.21700286865234,111.56136322021484,92.64900207519531,0.5822790265083313,98.01896667480469
2025-03-06,86.88929748535156,112.0215835571289,93.71099853515625,0.5830119848251343,97.46029663085938
2025-03-07,87.12879943847656,112.27503967285156,93.80599975585938,0.5870929956436157,98.4395523071289
2025-03-10,87.07379913330078,112.51460266113281,94.31400299072266,0.5879120230674744,98.85750579833984
2025-03-11,87.3551025390625,112.4990005493164,94.5989990234375,0.5933610200881958,99.17129516601562
2025-03-12,87.20010375976562,112.90506744384766,95.05000305175781,0.5882440209388733,98.58015441894531
2025-03-13,87.3405990600586,113.2220230102539,94.79499816894531,0.5872259736061096,98.74221801757812
2025-03-14,86.9220962524414,112.60100555419922,94.27300262451172,0.5870929956436157,98.38602447509766
2025-03-17,86.93900299072266,112.52079772949219,93.71700286865234,0.577269971370697,96.83008575439453
2025-03-18,86.91639709472656,112.87388610839844,94.58300018310547,0.5798919796943665,98.29154205322266
2025-03-19,86.57610321044922,112.54741668701172,94.62799835205078,0.5788729786872864,98.64584350585938
2025-03-20,86.33709716796875,112.30025482177734,94.1240005493164,0.5809280276298523,98.41077423095703
2025-03-21,86.33609771728516,111.95357513427734,93.6520004272461,0.5804889798164368,97.8569107055664
2025-03-24,85.98699951171875,111.15750122070312,92.91100311279297,0.5720440149307251,95.90680694580078
2025-03-25,85.53209686279297,110.5452880859375,92.3219985961914,0.5668659806251526,96.81925201416016
2025-03-26,85.59040069580078,110.77323150634766,92.2490005493164,0.5702739953994751,96.88850402832031
2025-03-27,86.09539794921875,110.83988952636719,91.92400360107422,0.5687080025672913,96.78095245361328
2025-03-28,85.69490051269531,110.95677947998047,92.49299621582031,0.5677970051765442,97.1310043334961
2025-03-31,85.53880310058594,110.59383392333984,91.09700012207031,0.5572749972343445,94.41028594970703
2025-04-01,85.46810150146484,110.40312194824219,92.38200378417969,0.5696179866790771,96.61822509765625
2025-04-02,85.61009979248047,110.62517547607422,92.34100341796875,0.571075975894928,96.7884292602539
2025-04-03,85.65119934082031,111.59293365478516,93.1259994506836,0.5775129795074463,97.38666534423828
2025-04-04,85.28289794921875,111.72980499267578,94.09200286865234,0.5826690196990967,99.1553726196289
2025-04-07,85.529296875,110.1405029296875,93.1050033569336,0.577580988407135,98.64385223388672
2025-04-08,86.0270004272461,109.54711151123047,93.65699768066406,0.5806059837341309,99.80498504638672
2025-04-09,86.435302734375,110.46036529541016,94.62300109863281,0.5910149812698364,101.90074920654297
2025-04-10,86.20929718017578,110.4677963256836,94.81999969482422,0.5859509706497192,100.93585205078125
2025-04-11,86.2603988647461,111.8883285522461,96.97699737548828,0.5991489887237549,104.93585968017578
2025-04-14,86.19300079345703,112.7737808227539,97.76499938964844,0.599465012550354,105.35418701171875
2025-04-15,86.0447998046875,113.31809997558594,97.48500061035156,0.6002439856529236,105.3487548828125
2025-04-16,85.72669982910156,113.48444366455078,96.71199798583984,0.5981429815292358,104.3549575805664
2025-04-17,85.62049865722656,113.33000183105469,97.49299621582031,0.6028749942779541,105.11997985839844
2025-04-22,85.15889739990234,113.92738342285156,97.01799774169922,0.5993549823760986,104.2453842163086
2025-04-23,85.2323989868164,113.09716796875,96.5999984741211,0.5964469909667969,103.0009994506836
2025-04-24,85.4999008178711,113.46571350097656,96.60800170898438,0.5954650044441223,102.77009582519531
2025-04-25,85.2573013305664,113.7186279296875,96.9469985961914,0.5966690182685852,102.86372375488281
2025-04-28,85.38490295410156,113.67278289794922,96.99700164794922,0.5946090221405029,103.19459533691406
2025-04-29,85.1603012084961,114.41445922851562,97.07099914550781,0.5985090136528015,103.608154296875
2025-04-30,85.1707992553711,114.22369384765625,96.89800262451172,0.5979070067405701,103.31103515625
2025-05-01,84.53119659423828,112.63733673095703,95.75,0.5910739898681641,102.37690734863281
2025-05-02,84.69670104980469,112.49533081054688,95.74800109863281,0.583296000957489,102.2894058227539
2025-05-05,84.52629852294922,112.12812805175781,94.76300048828125,0.5788779854774475,101.42024230957031
2025-05-06,84.2208023071289,111.9670639038086,95.28199768066406,0.5863149762153625,102.45376586914062
2025-05-07,84.79319763183594,113.22102355957031,95.53500366210938,0.5888810157775879,102.00301361083984
2025-05-08,84.81719970703125,112.7415771484375,95.7030029296875,0.5885069966316223,102.73136901855469
2025-05-09,86.08219909667969,113.97876739501953,95.91699981689453,0.5851789712905884,102.72950744628906
2025-05-12,85.4083023071289,113.56951904296875,94.97899627685547,0.5802839994430542,101.48955535888672
2025-05-13,84.9656982421875,111.93560028076172,94.0989990234375,0.5718389749526978,100.37173461914062
2025-05-14,85.060302734375,113.16390991210938,95.2979965209961,0.5774829983711243,101.48017120361328
2025-05-15,85.48760223388672,113.39306640625,95.41000366210938,0.581836998462677,101.41207122802734
2025-05-16,85.44490051269531,113.69983673095703,95.55699920654297,0.5863310098648071,102.2508544921875
2025-05-19,85.50029754638672,113.69379425048828,94.74800109863281,0.5837630033493042,101.44868469238281
2025-05-20,85.37210083007812,114.04973602294922,95.82599639892578,0.5883769989013672,102.14112854003906
2025-05-21,85.53610229492188,114.581787109375,96.46700286865234,0.5920730233192444,103.34956359863281
2025-05-22,85.60030364990234,114.87721252441406,97.08200073242188,0.5956310033798218,103.75567626953125
2025-05-23,85.97489929199219,115.40895080566406,96.93599700927734,0.5973010063171387,103.72811889648438
2025-05-26,85.19930267333984,115.31163024902344,95.74800109863281,0.5908719897270203,102.5633316040039
2025-05-27,85.158203125,115.52197265625,96.81500244140625,0.5959680080413818,103.61471557617188
2025-05-28,85.3604965209961,115.3511962890625,96.65599822998047,0.5913599729537964,103.06400299072266
2025-05-29,85.38590240478516,114.97938537597656,95.87999725341797,0.5857269763946533,102.49502563476562
2025-05-30,85.36129760742188,115.22840118408203,97.10299682617188,0.5934789776802063,103.81739044189453
2025-06-02,85.52429962158203,115.12036895751953,95.96399688720703,0.5873690247535706,102.78534698486328
2025-06-03,85.36370086669922,115.6791763305664,97.67500305175781,0.5986949801445007,104.50017547607422
2025-06-04,85.70880126953125,115.87602233886719,97.48600006103516,0.5953760147094727,104.05665588378906
2025-06-05,85.9041976928711,116.4021224975586,98.00399780273438,0.6011480093002319,104.88946533203125
2025-06-06,85.87750244140625,116.57571411132812,98.22699737548828,0.5974910259246826,104.66940307617188
2025-06-09,85.7853012084961,116.0414810180664,96.80599975585938,0.5894200205802917,103.95878601074219
2025-06-10,85.75599670410156,116.2162857055664,97.81500244140625,0.5921649932861328,104.22537994384766
2025-06-11,85.65280151367188,115.65390014648438,97.81300354003906,0.5904800295829773,104.02871704101562
2025-06-12,85.46980285644531,115.83621978759766,98.28500366210938,0.5922350287437439,104.32710266113281
2025-06-13,85.68840026855469,116.69483184814453,99.19300079345703,0.5971940159797668,105.68355560302734
2025-06-16,86.24919891357422,116.82786560058594,99.35900115966797,0.5886459946632385,104.56121826171875
2025-06-17,86.10420227050781,116.92015075683594,99.0780029296875,0.5927169919013977,105.40213012695312
2025-06-18,86.36270141601562,115.91219329833984,99.00700378417969,0.5932360291481018,105.55567169189453
2025-06-19,86.61360168457031,116.2337417602539,99.11399841308594,0.5957620143890381,105.44435119628906
2025-06-20,86.58380126953125,116.50138854980469,99.87699890136719,0.5974950194358826,106.2803955078125
2025-06-23,86.5802993774414,116.49163055419922,98.76699829101562,0.5916079878807068,105.62006378173828
2025-06-24,86.23300170898438,116.55548858642578,100.33499908447266,0.592868983745575,106.45397186279297
2025-06-25,85.90480041503906,116.9324951171875,99.71700286865234,0.5924339890480042,106.65660858154297
2025-06-26,86.006103515625,117.6990737915039,100.41300201416016,0.5930929780006409,106.92130279541016
2025-06-27,85.66639709472656,117.5278549194336,100.04499816894531,0.5913800001144409,106.83888244628906
2025-06-30,85.4552993774414,115.76921844482422,99.16799926757812,0.5793939828872681,105.8638916015625
2025-07-01,85.71399688720703,117.54747772216797,100.93299865722656,0.5955749750137329,108.01500701904297
2025-07-02,85.6427993774414,117.6488037109375,101.01000213623047,0.5966190099716187,108.20452117919922
2025-07-03,85.69409942626953,116.96544647216797,100.95800018310547,0.5960599780082703,108.0643081665039
2025-07-04,85.31909942626953,116.41481018066406,100.48400115966797,0.5899530053138733,107.48848724365234
2025-07-07,85.49629974365234,116.70893859863281,100.43499755859375,0.5902420282363892,107.42285919189453
2025-07-08,85.89199829101562,116.897216796875,100.56800079345703,0.5872840285301208,107.48406219482422
2025-07-09,85.7073974609375,116.456298828125,100.46299743652344,0.5835170149803162,107.65892028808594
2025-07-10,85.70850372314453,116.48883819580078,100.4280014038086,0.5858870148658752,107.9551773071289
2025-07-11,85.73480224609375,116.44734954833984,100.23100280761719,0.5856890082359314,107.50897979736328
2025-07-14,85.82129669189453,116.06355285644531,99.23799896240234,0.5789530277252197,106.4842529296875
2025-07-15,85.96839904785156,115.42425537109375,100.26499938964844,0.5815479755401611,107.70990753173828
2025-07-16,85.99310302734375,115.09777069091797,99.73600006103516,0.5776090025901794,107.20497131347656
2025-07-17,85.88520050048828,115.20555877685547,99.84600067138672,0.5797849893569946,107.12745666503906
2025-07-18,86.04650115966797,115.57221221923828,99.86900329589844,0.5794069766998291,107.0946044921875
2025-07-21,86.14859771728516,115.56900024414062,100.13099670410156,0.5786330103874207,107.3628921508789
2025-07-22,86.19529724121094,116.29547882080078,100.71800231933594,0.5842180252075195,107.91021728515625
2025-07-23,86.3427963256836,116.79735565185547,101.2490005493164,0.5874459743499756,108.66949462890625
2025-07-24,86.39869689941406,117.34063720703125,101.64299774169922,0.5897409915924072,108.97190856933594
2025-07-25,86.4302978515625,116.76141357421875,101.53099822998047,0.5874069929122925,108.6442642211914
2025-07-28,86.506103515625,116.28257751464844,101.21499633789062,0.5796989798545837,107.75556182861328
2025-07-29,86.77760314941406,115.92646789550781,100.45600128173828,0.5833410024642944,107.8293685913086
2025-07-30,87.06320190429688,116.25140380859375,100.52899932861328,0.5862879753112793,108.04109954833984
2025-07-31,87.714599609375,115.7885513305664,100.14199829101562,0.5871490240097046,107.73401641845703
2025-08-01,87.4894027709961,115.53569030761719,99.89800262451172,0.5800439715385437,107.44666290283203
2025-08-04,87.24530029296875,115.87130737304688,98.81400299072266,0.5874159932136536,107.65971374511719
2025-08-05,87.89330291748047,116.79986572265625,101.48699951171875,0.5968279838562012,108.54224395751953
2025-08-06,87.72309875488281,116.65154266357422,101.61499786376953,0.594730019569397,108.74776458740234
2025-08-07,87.76249694824219,117.23628997802734,102.23100280761719,0.5955439805984497,108.74018859863281
2025-08-08,87.43319702148438,117.59945678710938,102.01200103759766,0.5950220227241516,108.42766571044922
2025-08-11,87.48829650878906,117.63053894042969,101.75199890136719,0.5875300168991089,107.3143310546875
2025-08-12,87.66449737548828,117.76127624511719,101.76000213623047,0.5913529992103577,107.8663101196289
2025-08-13,87.59559631347656,118.244873046875,102.26000213623047,0.5926880240440369,108.62660217285156
2025-08-14,87.44999694824219,118.74979400634766,102.34500122070312,0.5939589738845825,108.57388305664062
2025-08-15,87.69180297851562,118.6463394165039,102.08300018310547,0.5932660102844238,108.49505615234375
2025-08-18,87.51280212402344,118.65375518798828,101.2020034790039,0.5881850123405457,107.14308166503906
2025-08-19,87.29509735107422,117.89801025390625,101.77400207519531,0.5896419882774353,108.02428436279297
2025-08-20,87.0791015625,117.431396484375,101.29900360107422,0.5889719724655151,107.70932006835938
2025-08-21,87.01820373535156,117.0770492553711,101.30699920654297,0.5901179909706116,108.1300048828125
2025-08-22,87.29340362548828,117.08441925048828,101.30000305175781,0.5878419876098633,107.85726928710938
2025-08-25,87.3301010131836,117.16797637939453,100.41100311279297,0.5802630186080933,106.81346893310547
2025-08-26,87.60859680175781,117.88166809082031,101.66999816894531,0.5920869708061218,108.56727600097656
2025-08-27,87.60070037841797,118.04170989990234,101.9209976196289,0.5938519835472107,108.94815826416016
2025-08-28,87.65910339355469,118.3771743774414,102.00900268554688,0.5946429967880249,109.27474975585938
2025-08-29,87.5916976928711,118.33284759521484,102.23300170898438,0.5961049795150757,109.16973876953125
2025-09-01,88.17430114746094,117.11663055419922,101.84700012207031,0.5925580263137817,108.82833862304688
2025-09-02,88.00140380859375,119.20509338378906,103.02200317382812,0.5978720188140869,109.89716339111328
2025-09-03,87.99829864501953,117.7940444946289,102.29499816894531,0.5919340252876282,109.18745422363281
2025-09-04,88.072998046875,118.3625717163086,102.61399841308594,0.5946620106697083,109.47128295898438
2025-09-05,88.19290161132812,118.48310852050781,102.7239990234375,0.5939379930496216,109.45317840576172
2025-09-08,88.1863021850586,118.96971130371094,103.20500183105469,0.5982739925384521,110.31585693359375
2025-09-09,87.98049926757812,119.20911407470703,103.46900177001953,0.5966320037841797,110.88473510742188
2025-09-10,88.21829986572266,119.2743911743164,103.15699768066406,0.5979419946670532,110.55181121826172
2025-09-11,88.05339813232422,119.15377044677734,102.96600341796875,0.5971540212631226,110.15351867675781
2025-09-12,88.2676010131836,119.83924865722656,103.50199890136719,0.5990610122680664,110.80110168457031
2025-09-15,88.27729797363281,119.66422271728516,102.50399780273438,0.5915769934654236,109.71208190917969
2025-09-16,88.12349700927734,119.87439727783203,103.58200073242188,0.5973430275917053,110.80303192138672
2025-09-17,87.88459777832031,119.95418548583984,104.24299621582031,0.5998010039329529,111.72763061523438
2025-09-18,87.91069793701172,119.82403564453125,103.68599700927734,0.596921980381012,111.20751953125
2025-09-19,88.20690155029297,119.54508972167969,103.86499786376953,0.5958300232887268,111.23355102539062
2025-09-22,88.09919738769531,118.67609405517578,103.375,0.5913739800453186,109.75333404541016
2025-09-23,88.30439758300781,119.33833312988281,104.125,0.597262978553772,111.34815216064453
2025-09-24,88.80799865722656,120.10819244384766,104.83799743652344,0.601161003112793,112.1238021850586
2025-09-25,88.77860260009766,119.43028259277344,104.18199920654297,0.5963460206985474,111.6203842163086
2025-09-26,88.77310180664062,118.38211059570312,103.44999694824219,0.5918939709663391,110.86402893066406
2025-09-29,88.67680358886719,118.91593170166016,103.66000366210938,0.5846350193023682,109.66854095458984
2025-09-30,88.70449829101562,119.1892318725586,103.9800033569336,0.59648597240448,111.15802764892578
2025-10-01,88.8406982421875,119.47698974609375,104.17400360107422,0.5997769832611084,111.45597839355469
2025-10-02,88.68299865722656,119.54303741455078,103.98100280761719,0.6025109887123108,111.19713592529297
2025-10-03,88.72019958496094,119.2555923461914,103.947998046875,0.6024370193481445,111.22025299072266
2025-10-06,88.73509979248047,119.20912170410156,104.08300018310547,0.5965110063552856,110.52710723876953
2025-10-07,88.72109985351562,119.64180755615234,103.81199645996094,0.5897570252418518,111.5160903930664
2025-10-08,88.74259948730469,119.12384796142578,103.33399963378906,0.5831159949302673,111.02348327636719
2025-10-09,88.7771987915039,118.99385833740234,103.16200256347656,0.5809850096702576,110.67162322998047
2025-10-10,88.86540222167969,118.24299621582031,102.69000244140625,0.5804370045661926,110.13737487792969
2025-10-13,88.7573013305664,118.52460479736328,102.63999938964844,0.5822389721870422,110.1051254272461
2025-10-14,88.66510009765625,118.22770690917969,102.4729995727539,0.5813429951667786,110.15581512451172
2025-10-15,88.78250122070312,118.29818725585938,102.9280014038086,0.5845620036125183,110.68122100830078
2025-10-16,87.80950164794922,117.6363754272461,102.18099975585938,0.581155002117157,110.14443969726562
2025-10-17,87.9906997680664,118.24330139160156,102.85399627685547,0.585640013217926,111.02955627441406
2025-10-20,88.0022964477539,118.1460952758789,101.89700317382812,0.579334020614624,110.12618255615234
2025-10-21,87.87999725341797,117.79594421386719,102.24199676513672,0.5824639797210693,110.80452728271484
2025-10-22,88.00160217285156,117.61605834960938,102.00399780273438,0.5788959860801697,110.36825561523438
2025-10-23,87.74030303955078,117.18002319335938,101.77100372314453,0.5768539905548096,110.11248016357422
2025-10-24,87.77899932861328,116.9969711303711,101.91600036621094,0.5746549963951111,110.30403137207031
2025-10-27,87.8290023803711,116.86526489257812,101.87200164794922,0.5721089839935303,109.98683166503906
2025-10-28,88.22209930419922,117.67840576171875,102.73300170898438,0.5773500204086304,110.93505859375
2025-10-29,88.22550201416016,117.08793640136719,102.75499725341797,0.580793023109436,111.176025390625
2025-10-30,88.34559631347656,115.74630737304688,102.48799896240234,0.5783190131187439,110.39623260498047
2025-10-31,88.6344985961914,116.57202911376953,102.48400115966797,0.5754420161247253,110.48654174804688
2025-11-03,88.77539825439453,116.81205749511719,102.23999786376953,0.5724629759788513,110.34765625
2025-11-04,88.72339630126953,116.55731964111328,102.1259994506836,0.5749099850654602,109.71627044677734
2025-11-05,88.73200225830078,115.59127807617188,101.8290023803711,0.5774629712104797,109.40766906738281
2025-11-06,88.55690002441406,115.55056762695312,101.73200225830078,0.5743420124053955,109.28055572509766
2025-11-07,88.6729965209961,116.47599792480469,102.31999969482422,0.5793740153312683,109.90569305419922
2025-11-10,88.65799713134766,116.6650619506836,101.65599822998047,0.5729519724845886,109.12564849853516
2025-11-11,88.70709991455078,116.871337890625,102.43499755859375,0.57499098777771,110.08242797851562
2025-11-12,88.46649932861328,116.34273529052734,102.41500091552734,0.5736100077629089,110.4403076171875
2025-11-13,88.59400177001953,116.2975082397461,102.60900115966797,0.5720700025558472,110.9520492553711
2025-11-14,88.81610107421875,116.87712860107422,103.21099853515625,0.5739219784736633,111.88487243652344
2025-11-17,88.68199920654297,116.70551300048828,102.56300354003906,0.5708670020103455,111.01693725585938
2025-11-18,88.63590240478516,116.59754180908203,102.65299987792969,0.5704569816589355,111.2275390625
2025-11-19,88.55680084228516,116.42572784423828,102.47599792480469,0.5688920021057129,110.56979370117188
2025-11-20,88.48719787597656,115.5450668334961,102.0260009765625,0.5631300210952759,109.77147674560547
2025-11-21,88.69219970703125,115.9450912475586,102.22200012207031,0.5634289979934692,110.02852630615234
2025-11-24,89.63400268554688,117.46533966064453,101.96900177001953,0.5653949975967407,109.49691009521484
2025-11-25,89.14779663085938,116.8411865234375,102.61699676513672,0.5675730109214783,110.16790771484375
2025-11-26,89.15059661865234,117.36089324951172,103.02300262451172,0.5703060030937195,110.25518798828125
2025-11-27,89.16300201416016,118.05493927001953,103.34600067138672,0.570156991481781,110.86893463134766
2025-11-28,89.36479949951172,118.31539154052734,103.58200073242188,0.5713449716567993,110.98170471191406
2025-12-01,89.3499984741211,118.25994110107422,102.44200134277344,0.5654460191726685,109.91041564941406
2025-12-02,89.61270141601562,118.39424896240234,103.93800354003906,0.5756660103797913,111.27014923095703
2025-12-03,89.91719818115234,118.79353332519531,104.46900177001953,0.5765399932861328,111.90269470214844
2025-12-04,90.17050170898438,120.37334442138672,105.12300109863281,0.5809509754180908,112.66236877441406
2025-12-05,89.8364028930664,119.69773864746094,104.51100158691406,0.578620970249176,111.65215301513672
2025-12-08,89.93800354003906,119.84236907958984,103.71199798583984,0.5736439824104309,110.86856842041016
2025-12-09,90.12999725341797,120.0770034790039,104.83399963378906,0.5777729749679565,111.63895416259766
2025-12-10,89.91690063476562,119.59579467773438,104.46600341796875,0.5729269981384277,111.46864318847656
2025-12-11,89.79299926757812,120.22000885009766,104.98500061035156,0.5759590268135071,112.24380493164062
2025-12-12,90.25299835205078,120.8725357055664,105.86900329589844,0.5796849727630615,113.46490478515625
2025-12-15,90.5770034790039,121.11956024169922,105.052001953125,0.5773239731788635,113.08609008789062
2025-12-16,90.77690124511719,121.44192504882812,106.61399841308594,0.5851579904556274,113.94983673095703
2025-12-17,90.94889831542969,122.10446166992188,106.78299713134766,0.5871599912643433,114.28005981445312
2025-12-18,90.4136962890625,120.94165802001953,106.0770034790039,0.5809609889984131,113.60138702392578
2025-12-19,90.25579833984375,120.77513885498047,105.6719970703125,0.5813919901847839,113.87090301513672
2025-12-22,89.56999969482422,119.0788345336914,103.93499755859375,0.5627390146255493,111.76407623291016
2025-12-23,89.60389709472656,120.65753173828125,105.33000183105469,0.5708410143852234,113.12088775634766
2025-12-24,89.50789642333984,120.98299407958984,105.40799713134766,0.5722579956054688,113.49081420898438
2025-12-26,90.10590362548828,121.59487915039062,105.67900085449219,0.575622022151947,113.82691955566406
2025-12-29,89.82929992675781,121.26322937011719,105.71199798583984,0.5762289762496948,113.76055908203125
2025-12-30,89.9000015258789,121.41688537597656,105.75499725341797,0.5756970047950745,113.8546142578125
2025-12-31,89.76940155029297,120.88240051269531,105.36599731445312,0.573419988155365,113.26754760742188
2026-01-02,89.96189880371094,120.97290802001953,105.46399688720703,0.5729680061340332,113.27533721923828
2026-01-05,90.00700378417969,121.11470794677734,105.68699645996094,0.5757269859313965,113.86660766601562
2026-01-06,90.23300170898438,122.15080261230469,105.6240005493164,0.575639009475708,113.81344604492188
2026-01-07,90.16609954833984,121.72354125976562,105.31800079345703,0.5750330090522766,113.19322967529297
2026-01-08,89.8644027709961,120.93877410888672,104.84300231933594,0.5729050040245056,112.55554962158203
2026-01-09,89.90540313720703,120.81610107421875,104.73699951171875,0.5725690126419067,112.427001953125
2026-01-12,90.23600006103516,121.00196075439453,103.88899993896484,0.5684289932250977,111.84690856933594
2026-01-13,90.13269805908203,121.36305236816406,105.0780029296875,0.5700269937515259,112.93907928466797
2026-01-14,90.27300262451172,121.20487976074219,105.03700256347656,0.566735029220581,112.61358642578125
2026-01-15,90.18319702148438,121.2132797241211,105.0199966430664,0.5688509941101074,112.66338348388672
2026-01-16,90.36160278320312,120.90018463134766,104.81700134277344,0.569242000579834,112.37416076660156
2026-01-19,90.7020034790039,121.40916442871094,104.41899871826172,0.5672630071640015,112.06761169433594
2026-01-20,90.90450286865234,122.0029296875,105.71700286865234,0.5741429924964905,113.81861114501953
2026-01-21,91.11840057373047,122.46356201171875,106.77999877929688,0.5756539702415466,115.3038330078125
2026-01-22,91.53690338134766,122.93280792236328,106.77300262451172,0.5772759914398193,114.853515625
2026-01-23,91.55829620361328,123.62484741210938,107.54199981689453,0.5772340297698975,115.94376373291016
2026-01-26,91.5009994506836,125.07998657226562,108.29000091552734,0.5795549750328064,115.39051818847656
2026-01-27,91.71309661865234,125.449951171875,108.81600189208984,0.5937110185623169,117.90216064453125
2026-01-28,91.5343017578125,126.55897521972656,109.9209976196289,0.5999299883842468,119.85324096679688
2026-01-29,92.04080200195312,127.08019256591797,110.15499877929688,0.6007729768753052,120.10052490234375
2026-01-30,91.78189849853516,126.75458526611328,109.74199676513672,0.5987870097160339,119.96676635742188
2026-02-02,91.68699645996094,125.47946166992188,109.15399932861328,0.595097005367279,119.04029846191406
2026-02-03,90.24559783935547,123.70941162109375,107.6240005493164,0.5868949890136719,117.08951568603516
2026-02-04,90.42289733886719,123.80988311767578,106.75800323486328,0.5799540281295776,116.47364807128906
2026-02-05,90.125,122.995849609375,106.59300231933594,0.5756059885025024,116.19348907470703
2026-02-06,90.3147964477539,122.12872314453125,106.29900360107422,0.5757020115852356,116.03919219970703
2026-02-09,90.58799743652344,123.30068969726562,106.46900177001953,0.574679970741272,115.36448669433594
2026-02-10,90.82279968261719,124.33216857910156,107.99199676513672,0.581043004989624,118.25215148925781
2026-02-11,90.58789825439453,123.501708984375,107.61499786376953,0.5859479904174805,117.76324462890625
2026-02-12,90.73570251464844,123.6253890991211,107.65699768066406,0.5915120244026184,117.56375122070312
2026-02-13,90.56410217285156,123.35491943359375,107.4209976196289,0.5925449728965759,117.6319808959961
2026-02-16,90.57119750976562,123.54007720947266,106.5009994506836,0.587801992893219,117.15679168701172
2026-02-17,90.78299713134766,123.71003723144531,107.49299621582031,0.5903970003128052,117.8392333984375
2026-02-18,90.6261978149414,122.95214080810547,107.33899688720703,0.5910450220108032,117.56676483154297
2026-02-19,90.79350280761719,122.53059387207031,106.9489974975586,0.5864539742469788,117.44184112548828
2026-02-20,91.04109954833984,122.5941390991211,107.06800079345703,0.5862219929695129,117.31864929199219
2026-02-23,90.72660064697266,122.27645874023438,106.40699768066406,0.5800189971923828,115.9308853149414
2026-02-24,91.02010345458984,122.83865356445312,107.26300048828125,0.5881069898605347,117.46610260009766
2026-02-25,90.91799926757812,122.68907928466797,106.9749984741211,0.5829290151596069,117.40592956542969
2026-02-26,90.95099639892578,123.30809783935547,107.37899780273438,0.5818229913711548,117.7078628540039
2026-02-27,91.00740051269531,122.8097915649414,107.2979965209961,0.5836520195007324,117.61747741699219
2026-03-02,91.07959747314453,122.788330078125,106.54199981689453,0.5803679823875427,116.92333221435547
2026-03-03,91.56340026855469,122.80046844482422,107.00399780273438,0.5817919969558716,117.4512939453125
2026-03-04,92.00859832763672,122.93334197998047,106.76399993896484,0.5828210115432739,117.58279418945312
2026-03-05,92.12300109863281,123.1541976928711,107.11100006103516,0.5863940119743347,118.15233612060547
2026-03-06,91.78690338134766,122.55652618408203,106.47100067138672,0.5823130011558533,117.47486877441406
2026-03-09,91.93620300292969,123.26985931396484,106.5790023803711,0.5736960172653198,116.70198059082031
2026-03-10,91.220703125,122.54509735107422,106.97100067138672,0.5833680033683777,118.36610412597656
2026-03-11,92.16510009765625,123.6675033569336,106.70600128173828,0.5811830163002014,118.02781677246094
2026-03-12,92.22879791259766,120.00120544433594,106.37200164794922,0.5792739987373352,117.88330841064453
2026-03-13,92.38990020751953,123.34696960449219,106.36399841308594,0.5799040198326111,117.54421997070312
2026-03-16,92.5635986328125,122.54509735107422,105.5780029296875,0.5827699899673462,117.08724212646484
2026-03-17,92.28269958496094,122.79288482666016,105.98699951171875,0.5792919993400574,116.95182037353516
2026-03-18,92.39129638671875,123.01248931884766,106.53199768066406,0.5809280276298523,117.6167984008789
2026-03-19,93.24659729003906,123.65397644042969,106.6780014038086,0.5823450088500977,117.40080261230469
2026-03-20,93.0822982788086,124.95488739013672,107.47899627685547,0.5878829956054688,117.68511962890625
2026-03-23,93.89530181884766,125.22920227050781,108.3239974975586,0.5852349996566772,116.98416900634766
2026-03-24,93.24369812011719,125.31415557861328,108.10700225830078,0.5876320004463196,118.40206146240234
2026-03-25,94.29969787597656,126.5555419921875,109.14600372314453,0.5921130180358887,119.24810028076172
2026-03-26,94.6937026977539,124.51790618896484,108.49099731445312,0.5887659788131714,118.54672241210938
2026-03-27,94.30950164794922,125.78792572021484,108.70500183105469,0.5900070071220398,118.56207275390625
2026-03-30,94.78179931640625,125.52633666992188,109.03900146484375,0.5902429819107056,119.03666687011719
2026-03-31,94.35590362548828,124.27959442138672,108.04100036621094,0.5899900197982788,117.88755798339844
2026-04-01,93.48429870605469,123.69966125488281,108.11299896240234,0.5892360210418701,117.09829711914062
2026-04-02,92.6426010131836,123.3955307006836,107.96900177001953,0.5870689749717712,117.32763671875
2026-04-03,92.97360229492188,122.95899200439453,107.19999694824219,0.5822629928588867,116.2000732421875
2026-04-06,92.97100067138672,122.5980453491211,107.21199798583984,0.5830050110816956,116.31037902832031
2026-04-07,92.81659698486328,122.82669067382812,107.21299743652344,0.5814530253410339,116.3627700805664
2026-04-08,92.86019897460938,124.21589660644531,108.44400024414062,0.5845789909362793,117.38777160644531
2026-04-09,92.2748031616211,123.63069915771484,107.47699737548828,0.5810379981994629,116.47782135009766
2026-04-10,92.46980285644531,124.22396087646484,108.0250015258789,0.5806859731674194,116.8248291015625
2026-04-13,94.50879669189453,126.58643341064453,106.47899627685547,0.5703099966049194,115.49324798583984
2026-04-14,94.9468002319336,128.31515502929688,109.61199951171875,0.5851470232009888,118.95417022705078
2026-04-15,93.16539764404297,126.38621520996094,109.83999633789062,0.5862500071525574,119.2105484008789
2026-04-16,93.38680267333984,126.73859405517578,110.177001953125,0.5875779986381531,119.43112182617188
2026-04-17,93.04789733886719,125.9400405883789,109.64900207519531,0.5845590233802795,118.82527923583984
2026-04-20,92.60330200195312,125.23048400878906,109.28399658203125,0.5861179828643799,119.07817840576172
2026-04-21,93.12359619140625,126.02828216552734,109.65499877929688,0.5857669711112976,119.51303100585938
2026-04-22,93.622802734375,126.4240493774414,109.70999908447266,0.5861309766769409,119.65428924560547
2026-04-23,93.80049896240234,126.64273071289062,109.72000122070312,0.5877010226249695,119.42312622070312
2026-04-24,94.11289978027344,126.74015045166016,109.87000274658203,0.5886510014533997,119.59745788574219
2026-04-27,94.25029754638672,127.18663787841797,108.05999755859375,0.5808640122413635,116.94172668457031
2026-04-28,94.25849914550781,127.59123992919922,110.34200286865234,0.590732991695404,119.85662078857422
2026-04-29,94.64550018310547,127.97501373291016,110.69999694824219,0.5923200249671936,119.73155212402344
2026-04-30,94.9166030883789,127.80874633789062,110.76399993896484,0.5917239785194397,119.86797332763672
2026-05-01,94.75910186767578,128.9556121826172,111.27200317382812,0.6056560277938843,121.32933807373047
2026-05-04,94.90299987792969,129.091796875,111.25900268554688,0.6054419875144958,121.2962646484375
2026-05-05,95.2593994140625,128.8971405029297,111.10099792480469,0.6044780015945435,121.19562530517578
2026-05-06,95.18299865722656,128.74514770507812,111.45500183105469,0.6031820178031921,121.71785736083984
2026-05-07,94.60800170898438,128.52517700195312,111.06400299072266,0.6042309999465942,121.38739013671875
2026-05-08,94.25299835205078,127.78071594238281,110.48600006103516,0.6005600094795227,120.67982482910156
2026-05-11,94.42530059814453,128.72850036621094,111.35600280761719,0.6026080250740051,121.56105041503906
2026-05-12,95.39140319824219,129.8173065185547,112.19400024414062,0.6057270169258118,122.38895416259766
2026-05-13,95.63300323486328,129.19117736816406,112.177001953125,0.6061069965362549,122.41875457763672
2026-05-14,95.69580078125,129.4447021484375,112.0530014038086,0.6058689951896667,122.34663391113281
2026-05-15,95.70989990234375,128.26878356933594,111.60199737548828,0.6043779850006104,122.02607727050781
2026-05-18,95.97029876708984,127.72793579101562,111.36199951171875,0.6033480167388916,121.75367736816406
2026-05-19,96.27020263671875,129.10911560058594,112.23100280761719,0.6061310172080994,122.74803161621094
2026-05-20,96.56580352783203,128.65086364746094,111.99199676513672,0.6066229939460754,122.31250762939453
2026-05-21,96.5282974243164,129.53005981445312,112.48600006103516,0.6089820265769958,122.92410278320312
2026-05-22,96.17389678955078,129.1677703857422,111.69200134277344,0.604541003704071,122.2120132446289
2026-05-25,95.71949768066406,128.61239624023438,111.39399719238281,0.6029279828071594,122.18943786621094
2026-05-26,95.25279998779297,128.10523986816406,110.74500274658203,0.5987169742584229,121.49761199951172
2026-05-27,95.90499877929688,128.241943359375,111.29499816894531,0.6004940271377563,121.79447174072266
2026-05-28,96.04889678955078,128.95965576171875,111.10900115966797,0.5993469953536987,121.38350677490234
2026-05-29,96.04820251464844,129.105712890625,111.4260025024414,0.6004610061645508,121.99838256835938
2026-06-01,95.00299835205078,127.3003158569336,110.70700073242188,0.5968959927558899,121.70569610595703
2026-06-02,95.55139923095703,128.58311462402344,110.4469985961914,0.5946320295333862,120.71369934082031
2026-06-03,95.26300048828125,128.81253051757812,110.63700103759766,0.5951160192489624,120.76142883300781
2026-06-04,96.16449737548828,129.00181579589844,111.0270004272461,0.5979599952697754,120.87964630126953
2026-06-05,95.79029846191406,128.74961853027344,111.16000366210938,0.5983200073242188,121.27559661865234
2026-06-08,94.95030212402344,127.1324234008789,110.06900024414062,0.6010249853134155,119.92046356201172
2026-06-09,95.68830108642578,127.60144805908203,110.27999877929688,0.5970550179481506,119.8259048461914
2026-06-10,95.36029815673828,127.37077331542969,109.9229965209961,0.5941190123558044,119.22234344482422
2026-06-11,95.64450073242188,127.79607391357422,109.81800079345703,0.5930060148239136,118.97394561767578
2026-06-12,95.76010131835938,126.80903625488281,110.77100372314453,0.5975819826126099,120.34811401367188
2026-06-15,95.11029815673828,127.89228820800781,109.9489974975586,0.5976709723472595,119.0890884399414
2026-06-16,94.74169921875,127.05066680908203,109.71499633789062,0.5906749963760376,119.14535522460938
2026-06-17,94.88860321044922,126.90704345703125,109.74199676513672,0.589024007320404,119.14669799804688
2026-06-18,94.85890197753906,125.66471862792969,108.69400024414062,0.5881440043449402,118.15914154052734
2026-06-19,94.33989715576172,124.55345153808594,108.00900268554688,0.5843080282211304,117.11212921142578
2026-06-22,94.3302993774414,124.57408142089844,104.79000091552734,0.5662329792976379,113.16964721679688
2026-06-23,94.70059967041016,125.14177703857422,108.11599731445312,0.5855759978294373,116.97384643554688
2026-06-24,95.18370056152344,125.64649200439453,107.72699737548828,0.5858169794082642,116.91618347167969
2026-06-25,94.4406967163086,124.33104705810547,107.40399932861328,0.584725022315979,116.40817260742188
2026-06-26,94.40039825439453,125.3290786743164,107.16200256347656,0.5829629898071289,116.33312225341797
2026-06-29,94.36029815673828,124.508056640625,107.34200286865234,0.5631830096244812,112.5625
2026-06-30,94.79049682617188,125.69541931152344,107.89700317382812,0.5834289789199829,116.9507827758789
2026-07-01,94.91799926757812,125.30225372314453,107.96299743652344,0.5816640257835388,116.96713256835938
2026-07-02,95.4175033569336,126.31707000732422,108.2979965209961,0.5855510234832764,117.61933135986328
2026-07-03,95.527099609375,127.29981231689453,108.91400146484375,0.590520977973938,118.50202941894531
2026-07-06,95.38500213623047,127.38289642333984,108.93599700927734,0.5876200199127197,118.25299835205078
